-- phpMyAdmin SQL Dump
-- version 4.7.7
-- https://www.phpmyadmin.net/
--
-- Host: localhost:3306
-- Waktu pembuatan: 29 Sep 2018 pada 15.42
-- Versi server: 5.6.40
-- Versi PHP: 5.6.30

SET SQL_MODE = "NO_AUTO_VALUE_ON_ZERO";
SET AUTOCOMMIT = 0;
START TRANSACTION;
SET time_zone = "+00:00";


/*!40101 SET @OLD_CHARACTER_SET_CLIENT=@@CHARACTER_SET_CLIENT */;
/*!40101 SET @OLD_CHARACTER_SET_RESULTS=@@CHARACTER_SET_RESULTS */;
/*!40101 SET @OLD_COLLATION_CONNECTION=@@COLLATION_CONNECTION */;
/*!40101 SET NAMES utf8mb4 */;

--
-- Database: `abs3nuui_absensi`
--

-- --------------------------------------------------------

--
-- Struktur dari tabel `absen_dosen`
--

CREATE TABLE `absen_dosen` (
  `IDDOSEN` varchar(20) NOT NULL,
  `THNSM` varchar(5) NOT NULL,
  `IDMAKUL` varchar(10) NOT NULL,
  `KELAS` varchar(4) NOT NULL,
  `SEMESTER` varchar(3) NOT NULL,
  `IDPRODI` varchar(10) NOT NULL,
  `PERTEMUAN` int(2) NOT NULL,
  `TGL` varchar(10) NOT NULL,
  `JM` time NOT NULL,
  `JK` time NOT NULL,
  `MATERI` tinytext NOT NULL,
  `METODE` tinytext NOT NULL,
  `TUGAS` tinytext NOT NULL,
  `JLHHADIR` int(3) NOT NULL,
  `JLHABSEN` int(3) NOT NULL,
  `CREATED` datetime NOT NULL
) ENGINE=InnoDB DEFAULT CHARSET=latin1;

--
-- Dumping data untuk tabel `absen_dosen`
--

INSERT INTO `absen_dosen` (`IDDOSEN`, `THNSM`, `IDMAKUL`, `KELAS`, `SEMESTER`, `IDPRODI`, `PERTEMUAN`, `TGL`, `JM`, `JK`, `MATERI`, `METODE`, `TUGAS`, `JLHHADIR`, `JLHABSEN`, `CREATED`) VALUES
('231432', '', '', '', '', '', 0, '', '00:00:00', '00:00:00', '', 'null', '', 0, 0, '2018-08-14 09:34:14'),
('231432', '20172', 'CSE312', '01', '2', '9008', 1, '2018-07-18', '08:00:00', '10:00:00', 'Pengertian dasar-dasar Komputer grafik', '[\"Ceramah\"]', 'gak ada', 1, 0, '2018-07-18 15:13:11'),
('231432', '20172', 'INF211', '01', '2', '1000', 1, '2018-08-02', '10:10:00', '12:10:00', 'kas', '[\"Ceramah+\"]', 'tidak ada', 36, 2, '2018-08-01 11:32:57'),
('231432', '20172', 'INF211', '01', '2', '1000', 4, '2018-08-14', '10:00:00', '12:00:00', 'BAB IV', '[\"Studi\",\"Diskusi\",\"Percobaan\"]', 'Ada', 34, 4, '2018-08-14 09:40:15');

-- --------------------------------------------------------

--
-- Struktur dari tabel `absen_mhs`
--

CREATE TABLE `absen_mhs` (
  `IDMAHASISWA` varchar(20) NOT NULL,
  `THNSM` varchar(5) NOT NULL,
  `IDMAKUL` varchar(10) NOT NULL,
  `IDPRODI` varchar(10) NOT NULL,
  `KELAS` varchar(4) NOT NULL,
  `SEMESTER` varchar(3) NOT NULL,
  `PERTEMUAN` int(2) NOT NULL,
  `ABSENSI` char(1) NOT NULL,
  `CREATED` datetime NOT NULL
) ENGINE=InnoDB DEFAULT CHARSET=latin1;

--
-- Dumping data untuk tabel `absen_mhs`
--

INSERT INTO `absen_mhs` (`IDMAHASISWA`, `THNSM`, `IDMAKUL`, `IDPRODI`, `KELAS`, `SEMESTER`, `PERTEMUAN`, `ABSENSI`, `CREATED`) VALUES
('141010510001', '20171', 'MWF318', '1002.B', '01', '1', 1, 'H', '2018-08-14 09:32:26'),
('141010510002', '20171', 'MWF318', '1002.B', '01', '1', 1, 'H', '2018-08-14 09:32:26'),
('141010510003', '20171', 'MWF318', '1002.B', '01', '1', 1, 'H', '2018-08-14 09:32:26'),
('141010510005', '20171', 'MWF318', '1002.B', '01', '1', 1, 'H', '2018-08-14 09:32:26'),
('141010510006', '20171', 'MWF318', '1002.B', '01', '1', 1, 'H', '2018-08-14 09:32:26'),
('141010510007', '20171', 'MWF318', '1002.B', '01', '1', 1, 'H', '2018-08-14 09:32:26'),
('141010510010', '20171', 'MWF318', '1002.B', '01', '1', 1, 'H', '2018-08-14 09:32:26'),
('141010510011', '20171', 'MWF318', '1002.B', '01', '1', 1, 'H', '2018-08-14 09:32:26'),
('141010510012', '20171', 'MWF318', '1002.B', '01', '1', 1, 'H', '2018-08-14 09:32:26'),
('141010510013', '20171', 'MWF318', '1002.B', '01', '1', 1, 'H', '2018-08-14 09:32:26'),
('141010510014', '20171', 'MWF318', '1002.B', '01', '1', 1, 'H', '2018-08-14 09:32:26'),
('141010510015', '20171', 'MWF318', '1002.B', '01', '1', 1, 'H', '2018-08-14 09:32:26'),
('141010510016', '20171', 'MWF318', '1002.B', '01', '1', 1, 'H', '2018-08-14 09:32:26'),
('141010510017', '20171', 'MWF318', '1002.B', '01', '1', 1, 'H', '2018-08-14 09:32:26'),
('141010510018', '20171', 'MWF318', '1002.B', '01', '1', 1, 'H', '2018-08-14 09:32:26'),
('141041020085', '20172', 'INF211', '1000', '01', '2', 1, 'H', '2018-07-17 15:49:48'),
('141041020085', '20172', 'INF211', '1000', '01', '2', 4, 'H', '2018-08-14 09:29:05'),
('141041120002', '20172', 'INS402', '1001', '01', '2', 1, 'H', '2018-08-14 10:25:50'),
('151041120004', '20172', 'INS402', '1001', '01', '2', 1, 'H', '2018-08-14 10:25:50'),
('151041120007', '20172', 'INS402', '1001', '01', '2', 1, 'H', '2018-08-14 10:25:50'),
('161010510001', '20171', 'MWF318', '1002.B', '01', '1', 1, 'H', '2018-08-14 09:32:26'),
('161020820003', '20172', 'CSE312', '9008', '01', '2', 1, 'H', '2018-07-18 15:11:51'),
('161041020002', '20172', 'INF211', '1000', '01', '2', 1, 'H', '2018-07-17 15:49:48'),
('161041020002', '20172', 'INF211', '1000', '01', '2', 4, 'H', '2018-08-14 09:29:05'),
('161041020004', '20172', 'INF211', '1000', '01', '2', 1, 'H', '2018-07-17 15:49:48'),
('161041020004', '20172', 'INF211', '1000', '01', '2', 4, 'H', '2018-08-14 09:29:05'),
('161041020006', '20172', 'INF211', '1000', '01', '2', 1, 'H', '2018-07-17 15:49:48'),
('161041020006', '20172', 'INF211', '1000', '01', '2', 4, 'H', '2018-08-14 09:29:05'),
('161041020007', '20172', 'INF211', '1000', '01', '2', 1, 'H', '2018-07-17 15:49:48'),
('161041020007', '20172', 'INF211', '1000', '01', '2', 4, 'H', '2018-08-14 09:29:05'),
('161041020009', '20172', 'INF211', '1000', '01', '2', 1, 'H', '2018-07-17 15:49:48'),
('161041020009', '20172', 'INF211', '1000', '01', '2', 4, 'H', '2018-08-14 09:29:05'),
('161041020010', '20172', 'INF211', '1000', '01', '2', 1, 'H', '2018-07-17 15:49:48'),
('161041020010', '20172', 'INF211', '1000', '01', '2', 4, 'H', '2018-08-14 09:29:05'),
('161041020011', '20172', 'INF211', '1000', '01', '2', 1, 'H', '2018-07-17 15:49:48'),
('161041020011', '20172', 'INF211', '1000', '01', '2', 4, 'H', '2018-08-14 09:29:05'),
('161041020012', '20172', 'INF211', '1000', '01', '2', 1, 'H', '2018-07-17 15:49:48'),
('161041020012', '20172', 'INF211', '1000', '01', '2', 4, 'H', '2018-08-14 09:29:05'),
('161041020013', '20172', 'INF211', '1000', '01', '2', 1, 'H', '2018-07-17 15:49:48'),
('161041020013', '20172', 'INF211', '1000', '01', '2', 4, 'H', '2018-08-14 09:29:05'),
('161041020015', '20172', 'INF211', '1000', '01', '2', 1, 'H', '2018-07-17 15:49:48'),
('161041020015', '20172', 'INF211', '1000', '01', '2', 4, 'H', '2018-08-14 09:29:05'),
('161041020016', '20172', 'INF211', '1000', '01', '2', 1, 'H', '2018-07-17 15:49:48'),
('161041020016', '20172', 'INF211', '1000', '01', '2', 4, 'S', '2018-08-14 09:29:05'),
('161041020018', '20172', 'INF211', '1000', '01', '2', 1, 'H', '2018-07-17 15:49:48'),
('161041020018', '20172', 'INF211', '1000', '01', '2', 4, 'H', '2018-08-14 09:29:05'),
('161041020019', '20172', 'INF211', '1000', '01', '2', 1, 'H', '2018-07-17 15:49:48'),
('161041020019', '20172', 'INF211', '1000', '01', '2', 4, 'H', '2018-08-14 09:29:05'),
('161041020020', '20172', 'INF211', '1000', '01', '2', 1, 'H', '2018-07-17 15:49:48'),
('161041020020', '20172', 'INF211', '1000', '01', '2', 4, 'A', '2018-08-14 09:29:05'),
('161041020021', '20172', 'INF211', '1000', '01', '2', 1, 'H', '2018-07-17 15:49:48'),
('161041020021', '20172', 'INF211', '1000', '01', '2', 4, 'I', '2018-08-14 09:29:05'),
('161041020022', '20172', 'INF211', '1000', '01', '2', 1, 'H', '2018-07-17 15:49:48'),
('161041020022', '20172', 'INF211', '1000', '01', '2', 4, 'H', '2018-08-14 09:29:05'),
('161041020023', '20172', 'INF211', '1000', '01', '2', 1, 'H', '2018-07-17 15:49:48'),
('161041020023', '20172', 'INF211', '1000', '01', '2', 4, 'H', '2018-08-14 09:29:05'),
('161041020024', '20172', 'INF211', '1000', '01', '2', 1, 'H', '2018-07-17 15:49:48'),
('161041020024', '20172', 'INF211', '1000', '01', '2', 4, 'A', '2018-08-14 09:29:05'),
('161041020025', '20172', 'INF211', '1000', '01', '2', 1, 'S', '2018-07-17 15:49:48'),
('161041020025', '20172', 'INF211', '1000', '01', '2', 4, 'H', '2018-08-14 09:29:05'),
('161041020027', '20172', 'INF211', '1000', '01', '2', 1, 'H', '2018-07-17 15:49:48'),
('161041020027', '20172', 'INF211', '1000', '01', '2', 4, 'H', '2018-08-14 09:29:05'),
('161041020028', '20172', 'INF211', '1000', '01', '2', 1, 'H', '2018-07-17 15:49:48'),
('161041020028', '20172', 'INF211', '1000', '01', '2', 4, 'H', '2018-08-14 09:29:05'),
('161041020032', '20172', 'INF211', '1000', '01', '2', 1, 'H', '2018-07-17 15:49:48'),
('161041020032', '20172', 'INF211', '1000', '01', '2', 4, 'H', '2018-08-14 09:29:05'),
('161041020034', '20172', 'INF211', '1000', '01', '2', 1, 'H', '2018-07-17 15:49:48'),
('161041020034', '20172', 'INF211', '1000', '01', '2', 4, 'H', '2018-08-14 09:29:05'),
('161041020035', '20172', 'INF211', '1000', '01', '2', 1, 'H', '2018-07-17 15:49:48'),
('161041020035', '20172', 'INF211', '1000', '01', '2', 4, 'H', '2018-08-14 09:29:05'),
('161041020036', '20172', 'INF211', '1000', '01', '2', 1, 'A', '2018-07-17 15:49:48'),
('161041020036', '20172', 'INF211', '1000', '01', '2', 4, 'H', '2018-08-14 09:29:05'),
('161041020037', '20172', 'INF211', '1000', '01', '2', 1, 'H', '2018-07-17 15:49:48'),
('161041020037', '20172', 'INF211', '1000', '01', '2', 4, 'H', '2018-08-14 09:29:05'),
('161041020039', '20172', 'INF211', '1000', '01', '2', 1, 'H', '2018-07-17 15:49:48'),
('161041020039', '20172', 'INF211', '1000', '01', '2', 4, 'H', '2018-08-14 09:29:05'),
('161041020040', '20172', 'INF211', '1000', '01', '2', 1, 'H', '2018-07-17 15:49:48'),
('161041020040', '20172', 'INF211', '1000', '01', '2', 4, 'H', '2018-08-14 09:29:05'),
('161041020041', '20172', 'INF211', '1000', '01', '2', 1, 'H', '2018-07-17 15:49:48'),
('161041020041', '20172', 'INF211', '1000', '01', '2', 4, 'H', '2018-08-14 09:29:05'),
('161041020042', '20172', 'INF211', '1000', '01', '2', 1, 'H', '2018-07-17 15:49:48'),
('161041020042', '20172', 'INF211', '1000', '01', '2', 4, 'H', '2018-08-14 09:29:05'),
('161041020043', '20172', 'INF211', '1000', '01', '2', 1, 'H', '2018-07-17 15:49:48'),
('161041020043', '20172', 'INF211', '1000', '01', '2', 4, 'H', '2018-08-14 09:29:05'),
('161041020050', '20172', 'INF211', '1000', '01', '2', 1, 'H', '2018-07-17 15:49:48'),
('161041020050', '20172', 'INF211', '1000', '01', '2', 4, 'H', '2018-08-14 09:29:05'),
('161041020053', '20172', 'INF211', '1000', '01', '2', 1, 'H', '2018-07-17 15:49:48'),
('161041020053', '20172', 'INF211', '1000', '01', '2', 4, 'H', '2018-08-14 09:29:05'),
('161041020083', '20172', 'INF211', '1000', '01', '2', 1, 'H', '2018-07-17 15:49:48'),
('161041020083', '20172', 'INF211', '1000', '01', '2', 4, 'H', '2018-08-14 09:29:05'),
('161041020102', '20172', 'INF211', '1000', '01', '2', 1, 'H', '2018-07-17 15:49:48'),
('161041020102', '20172', 'INF211', '1000', '01', '2', 4, 'H', '2018-08-14 09:29:05'),
('161041020109', '20172', 'INF211', '1000', '01', '2', 1, 'H', '2018-07-17 15:49:48'),
('161041020109', '20172', 'INF211', '1000', '01', '2', 4, 'H', '2018-08-14 09:29:05'),
('161041120021', '20172', 'INS402', '1001', '01', '2', 1, 'H', '2018-08-14 10:25:50'),
('171041020153', '20172', 'INF211', '1000', '01', '2', 1, 'H', '2018-07-17 15:49:48'),
('171041020153', '20172', 'INF211', '1000', '01', '2', 4, 'H', '2018-08-14 09:29:05');

-- --------------------------------------------------------

--
-- Struktur dari tabel `atur_bahan_ajar`
--

CREATE TABLE `atur_bahan_ajar` (
  `IDSET` int(11) NOT NULL,
  `IDDOSEN` varchar(25) NOT NULL,
  `THSHM` varchar(5) NOT NULL,
  `IDPRODI` varchar(10) NOT NULL,
  `IDMAKUL` varchar(12) NOT NULL,
  `NAMAKLS` varchar(10) NOT NULL,
  `SEMESTER` varchar(2) NOT NULL,
  `PERTEMUAN` int(2) NOT NULL,
  `MATERI` int(11) NOT NULL,
  `CREATED` datetime NOT NULL
) ENGINE=InnoDB DEFAULT CHARSET=latin1;

-- --------------------------------------------------------

--
-- Struktur dari tabel `bahan_ajar`
--

CREATE TABLE `bahan_ajar` (
  `ID` int(11) NOT NULL,
  `JUDUL` tinytext NOT NULL,
  `IDDOSEN` varchar(25) NOT NULL,
  `KET_FILE` text NOT NULL,
  `NAMA_FILE` tinytext NOT NULL,
  `TIPEFILE` varchar(50) NOT NULL,
  `SIFAT` int(1) NOT NULL DEFAULT '1',
  `CREATED` datetime NOT NULL
) ENGINE=InnoDB DEFAULT CHARSET=latin1;

-- --------------------------------------------------------

--
-- Struktur dari tabel `makul_dosen`
--

CREATE TABLE `makul_dosen` (
  `IDDOSEN` varchar(25) NOT NULL,
  `THSHM` varchar(5) NOT NULL,
  `IDPRODI` varchar(10) NOT NULL,
  `KDPSTMSPST` varchar(10) NOT NULL,
  `NMPSTMSPST` varchar(150) NOT NULL,
  `IDMAKUL` varchar(12) NOT NULL,
  `NAMAKLS` varchar(10) NOT NULL,
  `LABELKLS` varchar(5) NOT NULL,
  `SEMESTER` varchar(2) NOT NULL,
  `TAHUN` year(4) NOT NULL,
  `NAMAMK` varchar(150) NOT NULL
) ENGINE=InnoDB DEFAULT CHARSET=latin1;

--
-- Dumping data untuk tabel `makul_dosen`
--

INSERT INTO `makul_dosen` (`IDDOSEN`, `THSHM`, `IDPRODI`, `KDPSTMSPST`, `NMPSTMSPST`, `IDMAKUL`, `NAMAKLS`, `LABELKLS`, `SEMESTER`, `TAHUN`, `NAMAMK`) VALUES
('00046414', '20082', '1001.B', '15401', 'KEBIDANAN', 'bd305', '01', 'A', '2', 2009, 'ASKEB V (KEBIDANAN KOMUNITAS)'),
('00046414', '20091', '1002.B', '15301', 'Kebidanan', 'BDP303', '01', 'A', '1', 2010, 'PRAKTEK KLINIK KEBIDANAN'),
('00046414', '20101', '1002.B', '15301', 'Kebidanan', 'BDKL509A', '01', 'A', '1', 2011, 'PRAKTEK KLINIK KEBIDANAN I'),
('00046414', '20142', '1001.B', '15401', 'KEBIDANAN', 'MID204', '01', 'A', '2', 2015, 'KONSEP KEBIDANAN'),
('00046414', '20142', '1001.B', '15401', 'KEBIDANAN', 'MID204', '02', 'B', '2', 2015, 'KONSEP KEBIDANAN'),
('00046414', '20142', '1001.B', '15401', 'KEBIDANAN', 'MID210', '01', 'A', '2', 2015, 'ASUHAN KEBIDANAN KEHAMILAN'),
('00046414', '20142', '1001.B', '15401', 'KEBIDANAN', 'MID210', '02', 'B', '2', 2015, 'ASUHAN KEBIDANAN KEHAMILAN'),
('00046414', '20142', '1001.B', '15401', 'KEBIDANAN', 'MID214', '01', 'A', '2', 2015, 'ASUHAN KEBIDANAN KEGAWATDARURATAN MATERNAL NEONATAL'),
('00046414', '20142', '1001.B', '15401', 'KEBIDANAN', 'MID214', '02', 'B', '2', 2015, 'ASUHAN KEBIDANAN KEGAWATDARURATAN MATERNAL NEONATAL'),
('00046414', '20142', '1001.B', '15401', 'KEBIDANAN', 'MID215', '01', 'A', '2', 2015, 'ASUHAN KEBIDANAN KOMUNITAS'),
('00046414', '20142', '1001.B', '15401', 'KEBIDANAN', 'MID215', '02', 'B', '2', 2015, 'ASUHAN KEBIDANAN KOMUNITAS'),
('00046414', '20142', '1002.B', '15301', 'Kebidanan', 'MWF205', '01', 'A', '2', 2015, 'KONSEP KEBIDANAN'),
('00046414', '20142', '1002.B', '15301', 'Kebidanan', 'MWF212', '01', 'A', '2', 2015, 'ASUHAN KEBIDANAN KEHAMILAN'),
('00046414', '20142', '1002.B', '15301', 'Kebidanan', 'MWF307II', '03', 'NR', '2', 2015, 'PRAKTEK KLINIK KEBIDANAN I'),
('00046414', '20142', '1002.B', '15301', 'Kebidanan', 'MWF308', '02', 'B', '2', 2015, 'PRAKTEK KLINIK KEBIDANAN II'),
('00046414', '20142', '1002.B', '15301', 'Kebidanan', 'MWF308', '03', 'NR', '2', 2015, 'PRAKTEK KLINIK KEBIDANAN II'),
('00046414', '20142', '1002.B', '15301', 'Kebidanan', 'MWF308', '04', '04', '2', 2015, 'PRAKTEK KLINIK KEBIDANAN II'),
('00046414', '20151', '1000.B', '13201', 'ILMU KESEHATAN MASYARAKAT', 'PHL219', '01', 'A', '1', 2016, 'KESEHATAN IBU DAN ANAK'),
('00046414', '20151', '1001.B', '15401', 'KEBIDANAN', 'MID211', '01', 'A', '1', 2016, 'ASUHAN KEBIDANAN PERSALINAN DAN BAYI BARU LAHIR'),
('00046414', '20151', '1001.B', '15401', 'KEBIDANAN', 'MID212', '01', 'A', '1', 2016, 'ASUHAN KEBIDANAN NIFAS DAN MENYUSUI'),
('00046414', '20151', '1002.B', '15301', 'Kebidanan', 'MWF105', '03', 'NR', '1', 2016, 'METODOLOGI PENELITIAN'),
('00046414', '20151', '1002.B', '15301', 'Kebidanan', 'MWF203', '01', 'A', '1', 2016, 'KETERAMPILAN DASAR KEBIDANAN I'),
('00046414', '20151', '1002.B', '15301', 'Kebidanan', 'MWF213', '01', 'A', '1', 2016, 'ASUHAN KEBIDANAN PERSALINAN DAN BAYI BARU LAHIR'),
('00046414', '20151', '1002.B', '15301', 'Kebidanan', 'MWF214', '01', 'A', '1', 2016, 'ASUHAN KEBIDANAN NIFAS DAN MENYUSUI'),
('00046414', '20151', '1002.B', '15301', 'Kebidanan', 'MWF214II', '03', 'NR', '1', 2016, 'ASUHAN KEBIDANAN LANJUTAN I'),
('00046414', '20151', '1002.B', '15301', 'Kebidanan', 'MWF214II', '04', '04', '1', 2016, 'ASUHAN KEBIDANAN LANJUTAN I'),
('00046414', '20151', '1002.B', '15301', 'Kebidanan', 'MWF304II', '03', 'NR', '1', 2016, 'PATOFISIOLOGI KASUS GAWAT DARURAT KEBIDANAN MATERNAL &amp; NEONATAL'),
('00046414', '20151', '1002.B', '15301', 'Kebidanan', 'MWF307II', '01', 'A', '1', 2016, 'PRAKTEK KLINIK KEBIDANAN I'),
('00046414', '20151', '1002.B', '15301', 'Kebidanan', 'MWF307II', '03', 'NR', '1', 2016, 'PRAKTEK KLINIK KEBIDANAN I'),
('00046414', '20152', '1001.B', '15401', 'KEBIDANAN', 'MID214', '01', 'A', '2', 2016, 'ASUHAN KEBIDANAN KEGAWATDARURATAN MATERNAL NEONATAL'),
('00046414', '20152', '1001.B', '15401', 'KEBIDANAN', 'MID215', '01', 'A', '2', 2016, 'ASUHAN KEBIDANAN KOMUNITAS'),
('00046414', '20152', '1001.B', '15401', 'KEBIDANAN', 'MID228', '01', 'A', '2', 2016, 'KETERAMPILAN DASAR KEBIDANAN'),
('00046414', '20152', '1001.B', '15401', 'KEBIDANAN', 'MID232', '01', 'A', '2', 2016, 'ETIKOLEGAL DALAM PRAKTIK KEBIDANAN'),
('00046414', '20152', '1002.B', '15301', 'Kebidanan', 'MWF207', '01', 'A', '2', 2016, 'KOMUNIKASI DALAM KEBIDANAN'),
('00046414', '20152', '1002.B', '15301', 'Kebidanan', 'MWF208', '01', 'A', '2', 2016, 'SKRIPSI'),
('00046414', '20152', '1002.B', '15301', 'Kebidanan', 'MWF208', '03', 'NR', '2', 2016, 'SKRIPSI'),
('00046414', '20152', '1002.B', '15301', 'Kebidanan', 'MWF209', '01', 'A', '2', 2016, 'KETERAMPILAN DASAR KEBIDANAN II'),
('00046414', '20152', '1002.B', '15301', 'Kebidanan', 'MWF211', '01', 'A', '2', 2016, 'ETIKOLEGAL DALAM PRAKTIK KEBIDANAN'),
('00046414', '20152', '1002.B', '15301', 'Kebidanan', 'MWF214I', '03', 'NR', '2', 2016, 'ASUHAN KEBIDANAN LANJUTAN II'),
('00046414', '20152', '1002.B', '15301', 'Kebidanan', 'MWF225', '01', 'A', '2', 2016, 'PROMOSI KESEHATAN'),
('00046414', '20152', '1002.B', '15301', 'Kebidanan', 'MWF228', '01', 'A', '2', 2016, 'ASUHAN KEBIDANAN KEGAWATDARURATAN MATERNAL NEONATAL'),
('00046414', '20152', '1002.B', '15301', 'Kebidanan', 'MWF229', '01', 'A', '2', 2016, 'ASUHAN KEBIDANAN KOMUNITAS'),
('00046414', '20161', '1000.B', '13201', 'ILMU KESEHATAN MASYARAKAT', 'PHL219', '01', 'A', '1', 2017, 'KESEHATAN IBU DAN ANAK'),
('00046414', '20161', '1001.B', '15401', 'KEBIDANAN', 'MID204', '03', 'NR', '1', 2017, 'KONSEP KEBIDANAN'),
('00046414', '20161', '1001.B', '15401', 'KEBIDANAN', 'MID230', '01', 'A', '1', 2017, 'ASUHAN KEBIDANAN PERSALINAN DAN BAYI BARU LAHIR'),
('00046414', '20161', '1002.B', '15301', 'Kebidanan', 'MWF213', '01', 'A', '1', 2017, 'ASUHAN KEBIDANAN PERSALINAN DAN BAYI BARU LAHIR'),
('00046414', '20161', '1002.B', '15301', 'Kebidanan', 'MWF214II', '05', '05', '1', 2017, 'ASUHAN KEBIDANAN LANJUTAN I'),
('00046414', '20162', '1001.B', '15401', 'KEBIDANAN', 'MID214', '01', 'A', '2', 2017, 'ASUHAN KEBIDANAN KEGAWATDARURATAN MATERNAL NEONATAL'),
('00046414', '20162', '1002.B', '15301', 'Kebidanan', 'MWF208', '05', '05', '2', 2017, 'SKRIPSI'),
('00046414', '20162', '1002.B', '15301', 'Kebidanan', 'MWF208', '06', '06', '2', 2017, 'SKRIPSI'),
('00046414', '20162', '1002.B', '15301', 'Kebidanan', 'MWF210', '01', 'A', '2', 2017, 'OBSTETRI'),
('00046414', '20162', '1002.B', '15301', 'Kebidanan', 'MWF214I', '04', '04', '2', 2017, 'ASUHAN KEBIDANAN LANJUTAN II'),
('00046414', '20162', '1002.B', '15301', 'Kebidanan', 'MWF214I', '05', '05', '2', 2017, 'ASUHAN KEBIDANAN LANJUTAN II'),
('00046414', '20162', '1002.B', '15301', 'Kebidanan', 'MWF214I', '06', '06', '2', 2017, 'ASUHAN KEBIDANAN LANJUTAN II'),
('00046414', '20162', '1002.B', '15301', 'Kebidanan', 'MWF228', '01', 'A', '2', 2017, 'ASUHAN KEBIDANAN KEGAWATDARURATAN MATERNAL NEONATAL'),
('00046414', '20162', '1002.B', '15301', 'Kebidanan', 'MWF231', '01', 'A', '2', 2017, 'PRAKTIK KEBIDANAN I (ASUHAN KEBIDANAN HAMIL, BERSALIN, NIFAS, KB, NEONATUS, BALITA DAN ANAK PRA SEKO'),
('00046414', '20162', '1002.B', '15301', 'Kebidanan', 'MWF308', '01', 'A', '2', 2017, 'PRAKTEK KLINIK KEBIDANAN II'),
('00046414', '20162', '1002.B', '15301', 'Kebidanan', 'MWF308', '02', 'B', '2', 2017, 'PRAKTEK KLINIK KEBIDANAN II'),
('00046414', '20162', '1002.B', '15301', 'Kebidanan', 'MWF317', '01', 'A', '2', 2017, 'PRAKTIK KEBIDANAN V (ASUHAN KEBIDANAN KEGAWATDARURATAN MATERNAL DAN NEONATAL KOMPREHENSIF)'),
('00046414', '20162', '1002.B', '15301', 'Kebidanan', 'MWF317', '02', 'B', '2', 2017, 'PRAKTIK KEBIDANAN V (ASUHAN KEBIDANAN KEGAWATDARURATAN MATERNAL DAN NEONATAL KOMPREHENSIF)'),
('00046414', '20162', '1002.B', '15301', 'Kebidanan', 'MWF317', '04', '04', '2', 2017, 'PRAKTIK KEBIDANAN V (ASUHAN KEBIDANAN KEGAWATDARURATAN MATERNAL DAN NEONATAL KOMPREHENSIF)'),
('00046414', '20162', '1002.B', '15301', 'Kebidanan', 'MWF317', '05', '05', '2', 2017, 'PRAKTIK KEBIDANAN V (ASUHAN KEBIDANAN KEGAWATDARURATAN MATERNAL DAN NEONATAL KOMPREHENSIF)'),
('00046414', '20162', '1002.B', '15301', 'Kebidanan', 'MWF317', '06', '06', '2', 2017, 'PRAKTIK KEBIDANAN V (ASUHAN KEBIDANAN KEGAWATDARURATAN MATERNAL DAN NEONATAL KOMPREHENSIF)'),
('00046414', '20171', '1001.B', '15401', 'KEBIDANAN', 'MID211', '01', 'A', '1', 2018, 'ASUHAN KEBIDANAN PERSALINAN DAN BAYI BARU LAHIR'),
('00046414', '20171', '1001.B', '15401', 'KEBIDANAN', 'MID211', '03', 'NR', '1', 2018, 'ASUHAN KEBIDANAN PERSALINAN DAN BAYI BARU LAHIR'),
('00046414', '20171', '1001.B', '15401', 'KEBIDANAN', 'MIDRPL212', '01', 'A', '1', 2018, 'ASUHAN KEBIDANAN PERSALINAN DAN BAYI BARU LAHIR'),
('00046414', '20171', '1001.B', '15401', 'KEBIDANAN', 'MIDRPL217', '01', 'A', '1', 2018, 'KEGAWATDARURATAN MATERNAL NEONATAL DAN BASIC LIFE SUPPORT'),
('00046414', '20171', '1002.B', '15301', 'Kebidanan', 'MWF105', '03', 'NR', '1', 2018, 'METODOLOGI PENELITIAN'),
('00046414', '20171', '1002.B', '15301', 'Kebidanan', 'MWF213', '01', 'A', '1', 2018, 'ASUHAN KEBIDANAN PERSALINAN DAN BAYI BARU LAHIR'),
('00046414', '20171', '1002.B', '15301', 'Kebidanan', 'MWF220', '01', 'A', '1', 2018, 'GINEKOLOGI'),
('00046414', '20171', '1002.B', '15301', 'Kebidanan', 'MWF232', '01', 'A', '1', 2018, 'PRAKTEK KEBIDANAN II (ASKEB KOMUNITAS, KESPRO, KB, DAN KEGAWATDARURATAN MATERNAL NEONATAL)'),
('00046414', '20171', '1002.B', '15301', 'Kebidanan', 'MWF236', '01', 'A', '1', 2018, 'SKRIPSI I (PROPOSAL SKRIPSI)'),
('00046414', '20171', '1002.B', '15301', 'Kebidanan', 'MWF316', '01', 'A', '1', 2018, 'PRAKTEK KEBIDANAN IV (ASUHAN KEBIDANAN FISIOLOGIS KOMPREHENSIF)'),
('00046414', '20171', '1002.B', '15301', 'Kebidanan', 'MWF318', '01', 'A', '1', 2018, 'ASUHAN KEBIDANAN LANJUTAN I'),
('00046414', '20172', '1001.B', '15401', 'KEBIDANAN', 'MID214', '01', 'A', '2', 2018, 'ASUHAN KEBIDANAN KEGAWATDARURATAN MATERNAL NEONATAL'),
('00046414', '20172', '1001.B', '15401', 'KEBIDANAN', 'MID250', '01', 'A', '2', 2018, 'KETERAMPILAN DASAR KLINIK KEBIDANAN'),
('00046414', '20172', '1002.B', '15301', 'Kebidanan', 'MWF104', '03', 'NR', '2', 2018, 'PENGANTAR TEKNOLOGI INFORMASI'),
('00046414', '20172', '1002.B', '15301', 'Kebidanan', 'MWF107', '01', 'A', '2', 2018, 'KULIAH KERJA NYATA (KKN)'),
('00046414', '20172', '1002.B', '15301', 'Kebidanan', 'MWF228', '01', 'A', '2', 2018, 'ASUHAN KEBIDANAN KEGAWATDARURATAN MATERNAL NEONATAL'),
('00046414', '20172', '1002.B', '15301', 'Kebidanan', 'MWF231', '01', 'A', '2', 2018, 'PRAKTIK KEBIDANAN I (ASUHAN KEBIDANAN HAMIL, BERSALIN, NIFAS, KB, NEONATUS, BALITA DAN ANAK PRA SEKO'),
('00046414', '20172', '1002.B', '15301', 'Kebidanan', 'MWF237', '01', 'A', '2', 2018, 'SKRIPSI II'),
('00046414', '20172', '1002.B', '15301', 'Kebidanan', 'MWF237', '03', 'NR', '2', 2018, 'SKRIPSI II'),
('00046414', '20172', '1002.B', '15301', 'Kebidanan', 'MWF315', '01', 'A', '2', 2018, 'PRAKTIK KEBIDANAN III ( ASUHAN KEBIDANAN KOMUNITAS KOMPREHENSIF'),
('00046414', '20172', '1002.B', '15301', 'Kebidanan', 'MWF317', '01', 'A', '2', 2018, 'PRAKTIK KEBIDANAN V (ASUHAN KEBIDANAN KEGAWATDARURATAN MATERNAL DAN NEONATAL KOMPREHENSIF)'),
('00046414', '20172', '1002.B', '15301', 'Kebidanan', 'MWF317', '03', 'NR', '2', 2018, 'PRAKTIK KEBIDANAN V (ASUHAN KEBIDANAN KEGAWATDARURATAN MATERNAL DAN NEONATAL KOMPREHENSIF)'),
('00046414', '20172', '1002.B', '15301', 'Kebidanan', 'MWF408', '01', 'A', '2', 2018, 'ASUHAN KEBIDANAN LANJUTAN II'),
('00046414', '20172', '1002.B', '15301', 'Kebidanan', 'MWF408', '03', 'NR', '2', 2018, 'ASUHAN KEBIDANAN LANJUTAN II'),
('0702131911891', '20131', '1001.B', '15401', 'KEBIDANAN', 'BD511', '01', 'A', '1', 2014, 'PENGANTAR KOMPUTER'),
('0702131911891', '20131', '1001.B', '15401', 'KEBIDANAN', 'BD511', '02', 'B', '1', 2014, 'PENGANTAR KOMPUTER'),
('0702131911891', '20132', '1000', '55201', 'TEKNIK INFORMATIKA', 'TI028', '01', 'A', '2', 2014, 'PEMOGRAMAN BERBASIS WEB II'),
('0702131911891', '20132', '1000', '55201', 'TEKNIK INFORMATIKA', 'TI028', '02', 'B', '2', 2014, 'PEMOGRAMAN BERBASIS WEB II'),
('0702131911891', '20152', '1000', '55201', 'TEKNIK INFORMATIKA', 'INF206', '01', 'A', '2', 2016, 'AUDIT DAN KONTROL TEKNOLOGI INFORMASI'),
('0702131911891', '20152', '1000', '55201', 'TEKNIK INFORMATIKA', 'INF217', '01', 'A', '2', 2016, 'MULTIMEDIA'),
('0702131911891', '20152', '1000', '55201', 'TEKNIK INFORMATIKA', 'INF219', '01', 'A', '2', 2016, 'SKENARIO DAN DESAIN GAME'),
('0702131911891', '20152', '1000', '55201', 'TEKNIK INFORMATIKA', 'TI033', '01', 'A', '2', 2016, 'TEKNIK KOMPILASI'),
('0702131911891', '20152', '1000.B', '13201', 'ILMU KESEHATAN MASYARAKAT', 'PHL103', '01', 'A', '2', 2016, 'PENGANTAR TEKNOLOGI INFORMASI'),
('0702131911891', '20152', '1001', '57201', 'SISTEM INFORMASI', 'INS218', '01', 'A', '2', 2016, 'MULTIMEDIA'),
('0702131911891', '20161', '1001', '57201', 'SISTEM INFORMASI', 'INS212', '01', 'A', '1', 2017, 'PEMROGRAMAN BERBASIS WEB'),
('0702131911891', '20161', '1001', '57201', 'SISTEM INFORMASI', 'INS223', '01', 'A', '1', 2017, 'E-COMMERCE'),
('0702131911891', '20161', '1001', '57201', 'SISTEM INFORMASI', 'INS224', '01', 'A', '1', 2017, 'PEMROGRAMAN DATABASE'),
('0702131911891', '20161', '1001', '57201', 'SISTEM INFORMASI', 'SI026', '01', 'A', '1', 2017, 'KEAMANAN KOMPUTER'),
('0702131911891', '20161', '9008', '83207', 'PENDIDIKAN  ILMU KOMPUTER', 'CSE217', '01', 'A', '1', 2017, 'PEMOGRAMAN WEB'),
('0702131911891', '20161', '9008', '83207', 'PENDIDIKAN  ILMU KOMPUTER', 'CSE218', '01', 'A', '1', 2017, 'KEAMANAN SISTEM KOMPUTER'),
('0702131911891', '20161', '9008', '83207', 'PENDIDIKAN  ILMU KOMPUTER', 'CSE304', '01', 'A', '1', 2017, 'OPEN SOURCE SOFTWARE'),
('0702131911891', '20162', '1000', '55201', 'TEKNIK INFORMATIKA', 'INF211', '01', 'A', '2', 2017, 'PEMOGRAMAN BERBASIS WEB II'),
('0702131911891', '20162', '1000', '55201', 'TEKNIK INFORMATIKA', 'TI021', '03', 'NR', '2', 2017, 'SISTEM INFORMASI GEOGRAFIS'),
('0702131911891', '20162', '1000', '55201', 'TEKNIK INFORMATIKA', 'TI028', '01', 'A', '2', 2017, 'PEMOGRAMAN BERBASIS WEB II'),
('0702131911891', '20162', '1001', '57201', 'SISTEM INFORMASI', 'INS222', '01', 'A', '2', 2017, 'TESTING DAN IMPLEMENTASI SISTEM'),
('0702131911891', '20162', '1001', '57201', 'SISTEM INFORMASI', 'INS403', '03', 'NR', '2', 2017, 'SISTEM INFORMASI GEOGRAFIS'),
('0702131911891', '20171', '1000', '55201', 'TEKNIK INFORMATIKA', 'INF205', '03', 'NR', '1', 2018, 'PEMOGRAMAN WEB I'),
('0702131911891', '20171', '1000', '55201', 'TEKNIK INFORMATIKA', 'INF205', '04', '04', '1', 2018, 'PEMOGRAMAN WEB I'),
('0702131911891', '20171', '1000', '55201', 'TEKNIK INFORMATIKA', 'INF207', '02', 'B', '1', 2018, 'PEMODELAN SISTEM INFORMASI'),
('0702131911891', '20171', '1000', '55201', 'TEKNIK INFORMATIKA', 'INF220', '03', 'NR', '1', 2018, 'MANAJEMEN TV STREAMING'),
('0702131911891', '20171', '1000', '55201', 'TEKNIK INFORMATIKA', 'INF401', '01', 'A', '1', 2018, 'WEB DATABASE'),
('0702131911891', '20171', '1000', '55201', 'TEKNIK INFORMATIKA', 'TI015', '02', 'B', '1', 2018, 'PEMODELAN SISTEM INFORMASI'),
('0702131911891', '20172', '1000', '55201', 'TEKNIK INFORMATIKA', 'INF402', '01', 'A', '2', 2018, 'PEMOGRAMAN FRAMEWORK'),
('0702131911891', '20172', '1000', '55201', 'TEKNIK INFORMATIKA', 'INF402', '03', 'NR', '2', 2018, 'PEMOGRAMAN FRAMEWORK'),
('0702131911891', '20172', '1001', '57201', 'SISTEM INFORMASI', 'INS204', '01', 'A', '2', 2018, 'MANAJEMEN DATA'),
('0702131911891', '20172', '1001', '57201', 'SISTEM INFORMASI', 'INS309', '01', 'A', '2', 2018, 'SISTEM INFORMASI MANAJEMEN'),
('0702131911891', '20172', '1001', '57201', 'SISTEM INFORMASI', 'INS402', '01', 'A', '2', 2018, 'TATA KELOLA TEKNOLOGI INFORMASI'),
('0702131911891', '20172', '1001.B', '15401', 'KEBIDANAN', 'MID103', '01', 'A', '2', 2018, 'PENGANTAR TEKNOLOGI INFORMASI'),
('0702131911891', '20172', '1002.B', '15301', 'Kebidanan', 'MWF104', '01', 'A', '2', 2018, 'PENGANTAR TEKNOLOGI INFORMASI'),
('0702131911891', '20172', '1002.B', '15301', 'Kebidanan', 'MWF104', '03', 'NR', '2', 2018, 'PENGANTAR TEKNOLOGI INFORMASI'),
('0702131911891', '20172', '61201', '61201', 'MANAJEMEN', 'MGT308', '01', 'A', '2', 2018, 'SISTEM  INFORMASI MANAJEMEN'),
('0702131911891', '20172', '9008', '83207', 'PENDIDIKAN  ILMU KOMPUTER', 'CSE404', '01', 'A', '2', 2018, 'PEMOGRAMAN BERBASIS FRAMEWORK'),
('11223363', '20102', '1000', '55201', 'TEKNIK INFORMATIKA', 'TI017', '01', 'A', '2', 2011, 'ARSITEKTUR SISTEM KOMPUTER'),
('11223363', '20102', '1001', '57201', 'SISTEM INFORMASI', 'SI023', '01', 'A', '2', 2011, 'SISTEM BASIS DATA II'),
('11223363', '20102', '1001', '57201', 'SISTEM INFORMASI', 'SI033', '01', 'A', '2', 2011, 'SISTEM PENUNJANG KEPUTUSAN'),
('11223363', '20102', '1003', '57402', 'KOMPUTERISASI AKUNTANSI', 'KA035', '01', 'A', '2', 2011, 'SISTEM BASIS DATA II'),
('11223363', '20152', '1000', '55201', 'TEKNIK INFORMATIKA', 'INF108', '01', 'A', '2', 2016, 'SKRIPSI'),
('11223363', '20152', '1000', '55201', 'TEKNIK INFORMATIKA', 'INF304', '01', 'A', '2', 2016, 'SISTEM DIGITAL'),
('11223363', '20152', '1000', '55201', 'TEKNIK INFORMATIKA', 'TI011', '01', 'A', '2', 2016, 'SISTEM DIGITAL'),
('11223363', '20152', '1000', '55201', 'TEKNIK INFORMATIKA', 'TI037', '01', 'A', '2', 2016, 'KECERDASAN BUATAN'),
('11223363', '20152', '1000', '55201', 'TEKNIK INFORMATIKA', 'TI044', '01', 'A', '2', 2016, 'SKRIPSI'),
('11223363', '20152', '1000', '55201', 'TEKNIK INFORMATIKA', 'TI044', '02', 'B', '2', 2016, 'SKRIPSI'),
('11223363', '20152', '1001', '57201', 'SISTEM INFORMASI', 'INS208', '01', 'A', '2', 2016, 'PEMROGRAMAN VISUAL'),
('11223363', '20152', '1001', '57201', 'SISTEM INFORMASI', 'INS401', '01', 'A', '2', 2016, 'KECERDASAN BUATAN'),
('11223363', '20152', '9008', '83207', 'PENDIDIKAN  ILMU KOMPUTER', 'CSE308', '01', 'A', '2', 2016, 'KOMUNIKASI DATA'),
('11223363', '20161', '1000', '55201', 'TEKNIK INFORMATIKA', 'INF108', '03', 'NR', '1', 2017, 'SKRIPSI'),
('11223363', '20161', '1000', '55201', 'TEKNIK INFORMATIKA', 'INF201', '01', 'A', '1', 2017, 'PERANCANGAN DATABASE'),
('11223363', '20161', '1000', '55201', 'TEKNIK INFORMATIKA', 'INF202', '01', 'A', '1', 2017, 'SISTEM BASIS DATA'),
('11223363', '20161', '1000', '55201', 'TEKNIK INFORMATIKA', 'INF306', '03', 'NR', '1', 2017, 'KOMUNIKASI DATA'),
('11223363', '20161', '1000', '55201', 'TEKNIK INFORMATIKA', 'INF404', '01', 'A', '1', 2017, 'PEMELIHARAAN PERANGKAT LUNAK'),
('11223363', '20161', '1000', '55201', 'TEKNIK INFORMATIKA', 'INF404', '03', 'NR', '1', 2017, 'PEMELIHARAAN PERANGKAT LUNAK'),
('11223363', '20161', '1000', '55201', 'TEKNIK INFORMATIKA', 'TI028A', '01', 'A', '1', 2017, 'PEMROGRAMAN DATABASE'),
('11223363', '20161', '1000', '55201', 'TEKNIK INFORMATIKA', 'TI028A', '02', 'B', '1', 2017, 'PEMROGRAMAN DATABASE'),
('11223363', '20161', '1000', '55201', 'TEKNIK INFORMATIKA', 'TI029', '01', 'A', '1', 2017, 'SISTEM BASIS DATA'),
('11223363', '20161', '1000', '55201', 'TEKNIK INFORMATIKA', 'TI029', '02', 'B', '1', 2017, 'SISTEM BASIS DATA'),
('11223363', '20161', '1000', '55201', 'TEKNIK INFORMATIKA', 'TI043', '01', 'A', '1', 2017, 'KERJA PRAKTEK'),
('11223363', '20161', '1000', '55201', 'TEKNIK INFORMATIKA', 'TI043', '02', 'B', '1', 2017, 'KERJA PRAKTEK'),
('11223363', '20161', '1000', '55201', 'TEKNIK INFORMATIKA', 'TI044', '01', 'A', '1', 2017, 'SKRIPSI'),
('11223363', '20161', '1001', '57201', 'SISTEM INFORMASI', 'INS205', '01', 'A', '1', 2017, 'PEMODELAN SISTEM INFORMASI'),
('11223363', '20161', '1001', '57201', 'SISTEM INFORMASI', 'INS205', '03', 'NR', '1', 2017, 'PEMODELAN SISTEM INFORMASI'),
('11223363', '20161', '1001', '57201', 'SISTEM INFORMASI', 'INS210', '03', 'NR', '1', 2017, 'SISTEM BASIS DATA I'),
('11223363', '20161', '1001', '57201', 'SISTEM INFORMASI', 'INS228', '01', 'A', '1', 2017, 'DATAWAREHOSE / DATA MINING'),
('11223363', '20161', '1001', '57201', 'SISTEM INFORMASI', 'INS228', '03', 'NR', '1', 2017, 'DATAWAREHOSE / DATA MINING'),
('11223363', '20162', '1000', '55201', 'TEKNIK INFORMATIKA', 'INF105', '01', 'A', '2', 2017, 'METODOLOGI PENELITIAN'),
('11223363', '20162', '1000', '55201', 'TEKNIK INFORMATIKA', 'INF107', '01', 'A', '2', 2017, 'KULIAH KERJA NYATA'),
('11223363', '20162', '1000', '55201', 'TEKNIK INFORMATIKA', 'INF108', '01', 'A', '2', 2017, 'SKRIPSI'),
('11223363', '20162', '1000', '55201', 'TEKNIK INFORMATIKA', 'INF227', '02', 'B', '2', 2017, 'ARSITEKTUR SISTEM KOMPUTER'),
('11223363', '20162', '1000', '55201', 'TEKNIK INFORMATIKA', 'INF305', '01', 'A', '2', 2017, 'KONSEP SISTEM INFORMASI'),
('11223363', '20162', '1000', '55201', 'TEKNIK INFORMATIKA', 'INF305', '04', '04', '2', 2017, 'KONSEP SISTEM INFORMASI'),
('11223363', '20162', '1000', '55201', 'TEKNIK INFORMATIKA', 'TI038', '01', 'A', '2', 2017, 'METODOLOGI RISET'),
('11223363', '20162', '1000', '55201', 'TEKNIK INFORMATIKA', 'TI044', '01', 'A', '2', 2017, 'SKRIPSI'),
('11223363', '20171', '1000', '55201', 'TEKNIK INFORMATIKA', 'INF106', '01', 'A', '1', 2018, 'KERJA PRAKTEK'),
('11223363', '20171', '1000', '55201', 'TEKNIK INFORMATIKA', 'INF108', '01', 'A', '1', 2018, 'SKRIPSI'),
('11223363', '20171', '1000', '55201', 'TEKNIK INFORMATIKA', 'INF201', '01', 'A', '1', 2018, 'PERANCANGAN DATABASE'),
('11223363', '20171', '1000', '55201', 'TEKNIK INFORMATIKA', 'INF201', '03', 'NR', '1', 2018, 'PERANCANGAN DATABASE'),
('11223363', '20171', '1000', '55201', 'TEKNIK INFORMATIKA', 'INF202', '01', 'A', '1', 2018, 'SISTEM BASIS DATA'),
('11223363', '20171', '1000', '55201', 'TEKNIK INFORMATIKA', 'INF202', '02', 'B', '1', 2018, 'SISTEM BASIS DATA'),
('11223363', '20171', '1000', '55201', 'TEKNIK INFORMATIKA', 'INF202', '03', 'NR', '1', 2018, 'SISTEM BASIS DATA'),
('11223363', '20171', '1000', '55201', 'TEKNIK INFORMATIKA', 'INF202', '04', '04', '1', 2018, 'SISTEM BASIS DATA'),
('11223363', '20171', '1000', '55201', 'TEKNIK INFORMATIKA', 'INF306', '03', 'NR', '1', 2018, 'KOMUNIKASI DATA'),
('11223363', '20171', '1000', '55201', 'TEKNIK INFORMATIKA', 'TI028A', '01', 'A', '1', 2018, 'PEMROGRAMAN DATABASE'),
('11223363', '20171', '1000', '55201', 'TEKNIK INFORMATIKA', 'TI030', '02', 'B', '1', 2018, 'SISTEM OPERASI KOMPUTER'),
('11223363', '20171', '1000', '55201', 'TEKNIK INFORMATIKA', 'TI044', '01', 'A', '1', 2018, 'SKRIPSI'),
('11223363', '20171', '1001', '57201', 'SISTEM INFORMASI', 'INS224', '01', 'A', '1', 2018, 'PEMROGRAMAN DATABASE'),
('11223363', '20172', '1000', '55201', 'TEKNIK INFORMATIKA', 'INF105', '01', 'A', '2', 2018, 'METODOLOGI PENELITIAN'),
('11223363', '20172', '1000', '55201', 'TEKNIK INFORMATIKA', 'INF107', '01', 'A', '2', 2018, 'KULIAH KERJA NYATA'),
('11223363', '20172', '1000', '55201', 'TEKNIK INFORMATIKA', 'INF107', '02', 'B', '2', 2018, 'KULIAH KERJA NYATA'),
('11223363', '20172', '1000', '55201', 'TEKNIK INFORMATIKA', 'INF107', '03', 'NR', '2', 2018, 'KULIAH KERJA NYATA'),
('11223363', '20172', '1000', '55201', 'TEKNIK INFORMATIKA', 'INF108', '01', 'A', '2', 2018, 'SKRIPSI'),
('11223363', '20172', '1000', '55201', 'TEKNIK INFORMATIKA', 'INF108', '03', 'NR', '2', 2018, 'SKRIPSI'),
('11223363', '20172', '1000', '55201', 'TEKNIK INFORMATIKA', 'INF204', '01', 'A', '2', 2018, 'DATAWAREHOUSE'),
('11223363', '20172', '1000', '55201', 'TEKNIK INFORMATIKA', 'INF204', '03', 'NR', '2', 2018, 'DATAWAREHOUSE'),
('11223363', '20172', '1000', '55201', 'TEKNIK INFORMATIKA', 'INF305', '01', 'A', '2', 2018, 'KONSEP SISTEM INFORMASI'),
('11223363', '20172', '1000', '55201', 'TEKNIK INFORMATIKA', 'INF305', '03', 'NR', '2', 2018, 'KONSEP SISTEM INFORMASI'),
('11223363', '20172', '1000', '55201', 'TEKNIK INFORMATIKA', 'INF305', '04', '04', '2', 2018, 'KONSEP SISTEM INFORMASI'),
('11223363', '20172', '1000', '55201', 'TEKNIK INFORMATIKA', 'TI022', '01', 'A', '2', 2018, 'PEMOGRAMAN VISUAL BASIC'),
('11223363', '20172', '1000', '55201', 'TEKNIK INFORMATIKA', 'TI044', '03', 'NR', '2', 2018, 'SKRIPSI'),
('213654', '20122', '1002.B', '15301', 'Kebidanan', 'BDKL509B', '05', '05', '2', 2013, 'PRAKTEK KLINIK KEBIDANAN II'),
('213654', '20122', '1002.B', '15301', 'Kebidanan', 'BDKL514', '05', '05', '2', 2013, 'SKRIPSI'),
('213654', '20131', '1002.B', '15301', 'Kebidanan', 'BDKL509A', '04', '04', '1', 2014, 'PRAKTEK KLINIK KEBIDANAN I'),
('213654', '20131', '1002.B', '15301', 'Kebidanan', 'BDKL509A', '06', '06', '1', 2014, 'PRAKTEK KLINIK KEBIDANAN I'),
('213654', '20131', '1002.B', '15301', 'Kebidanan', 'BDKL514', '01', 'A', '1', 2014, 'SKRIPSI'),
('213654', '20132', '1001.B', '15401', 'KEBIDANAN', 'BD204A', '01', 'A', '2', 2014, 'KETERAMPILAN DASAR KEBIDANAN II'),
('213654', '20132', '1001.B', '15401', 'KEBIDANAN', 'BD204A', '02', 'B', '2', 2014, 'KETERAMPILAN DASAR KEBIDANAN II'),
('213654', '20132', '1001.B', '15401', 'KEBIDANAN', 'BD402A', '01', 'A', '2', 2014, 'ETIKOLEGAL DALAM PRAKTIK KEBIDANAN'),
('213654', '20132', '1001.B', '15401', 'KEBIDANAN', 'BD402A', '02', 'B', '2', 2014, 'ETIKOLEGAL DALAM PRAKTIK KEBIDANAN'),
('213654', '20132', '1002.B', '15301', 'Kebidanan', 'BDKL509B', '01', 'A', '2', 2014, 'PRAKTEK KLINIK KEBIDANAN II'),
('213654', '20132', '1002.B', '15301', 'Kebidanan', 'BDKL509B', '02', 'B', '2', 2014, 'PRAKTEK KLINIK KEBIDANAN II'),
('213654', '20132', '1002.B', '15301', 'Kebidanan', 'BDKL509B', '06', '06', '2', 2014, 'PRAKTEK KLINIK KEBIDANAN II'),
('213654', '20132', '1002.B', '15301', 'Kebidanan', 'BDKL514', '01', 'A', '2', 2014, 'SKRIPSI'),
('213654', '20132', '1002.B', '15301', 'Kebidanan', 'BDKL514', '02', 'B', '2', 2014, 'SKRIPSI'),
('213654', '20132', '1002.B', '15301', 'Kebidanan', 'BDKL514', '06', '06', '2', 2014, 'SKRIPSI'),
('213654', '20141', '1001.B', '15401', 'KEBIDANAN', 'MID210', '02', 'B', '1', 2015, 'ASUHAN KEBIDANAN KEHAMILAN'),
('213654', '20141', '1001.B', '15401', 'KEBIDANAN', 'MID213', '01', 'A', '1', 2015, 'ASUHAN KEBIDANAN NEONATUS, BAYI, BALITA DAN ANAK PRA SEKOLAH'),
('213654', '20141', '1002.B', '15301', 'Kebidanan', 'MWF214II', '01', 'A', '1', 2015, 'ASUHAN KEBIDANAN LANJUTAN I'),
('213654', '20141', '1002.B', '15301', 'Kebidanan', 'MWF307II', '01', 'A', '1', 2015, 'PRAKTEK KLINIK KEBIDANAN I'),
('213654', '20141', '1002.B', '15301', 'Kebidanan', 'MWF307II', '02', 'B', '1', 2015, 'PRAKTEK KLINIK KEBIDANAN I'),
('213654', '20141', '1002.B', '15301', 'Kebidanan', 'MWF307II', '03', 'NR', '1', 2015, 'PRAKTEK KLINIK KEBIDANAN I'),
('213654', '20141', '1002.B', '15301', 'Kebidanan', 'MWF307II', '04', '04', '1', 2015, 'PRAKTEK KLINIK KEBIDANAN I'),
('213654', '20142', '1001.B', '15401', 'KEBIDANAN', 'MID108', '01', 'A', '2', 2015, 'KARYA TULIS ILMIAH'),
('213654', '20142', '1001.B', '15401', 'KEBIDANAN', 'MID204', '01', 'A', '2', 2015, 'KONSEP KEBIDANAN'),
('213654', '20142', '1001.B', '15401', 'KEBIDANAN', 'MID208', '01', 'A', '2', 2015, 'KOMUNIKASI DALAM KEBIDANAN'),
('213654', '20142', '1001.B', '15401', 'KEBIDANAN', 'MID209', '01', 'A', '2', 2015, 'ETIKOLEGAL DALAM PRAKTIK KEBIDANAN'),
('213654', '20142', '1002.B', '15301', 'Kebidanan', 'MWF205', '01', 'A', '2', 2015, 'KONSEP KEBIDANAN'),
('213654', '20142', '1002.B', '15301', 'Kebidanan', 'MWF208', '01', 'A', '2', 2015, 'SKRIPSI'),
('213654', '20142', '1002.B', '15301', 'Kebidanan', 'MWF308', '01', 'A', '2', 2015, 'PRAKTEK KLINIK KEBIDANAN II'),
('213654', '20151', '1000.B', '13201', 'ILMU KESEHATAN MASYARAKAT', 'PHL315', '01', 'A', '1', 2016, 'TEORI KESEHATAN REPRODUKSI'),
('213654', '20151', '1001.B', '15401', 'KEBIDANAN', 'MID204', '01', 'A', '1', 2016, 'KONSEP KEBIDANAN'),
('213654', '20151', '1002.B', '15301', 'Kebidanan', 'MWF205', '01', 'A', '1', 2016, 'KONSEP KEBIDANAN'),
('213654', '20151', '1002.B', '15301', 'Kebidanan', 'MWF304III', '04', '04', '1', 2016, 'PEM. DIAGNOSIS KEGAWATDARURATAN KEBIDANAN MATERNAL &amp; NEONATAL'),
('213654', '20161', '1000.B', '13201', 'ILMU KESEHATAN MASYARAKAT', 'PHL315', '02', 'B', '1', 2017, 'TEORI KESEHATAN REPRODUKSI'),
('213654', '20161', '1001.B', '15401', 'KEBIDANAN', 'MID204', '01', 'A', '1', 2017, 'KONSEP KEBIDANAN'),
('213654', '20161', '1002.B', '15301', 'Kebidanan', 'MWF201', '01', 'A', '1', 2017, 'ANATOMI DAN FISIOLOGI'),
('213654', '20161', '1002.B', '15301', 'Kebidanan', 'MWF205', '01', 'A', '1', 2017, 'KONSEP KEBIDANAN'),
('213654', '20161', '1002.B', '15301', 'Kebidanan', 'MWF214II', '02', 'B', '1', 2017, 'ASUHAN KEBIDANAN LANJUTAN I'),
('213654', '20161', '1002.B', '15301', 'Kebidanan', 'MWF230', '01', 'A', '1', 2017, 'ORGANISASI, MANAGEMEN, DAN PENGEMBANGAN KESEHATAN'),
('213654', '20161', '1002.B', '15301', 'Kebidanan', 'MWF304III', '05', '05', '1', 2017, 'PEM. DIAGNOSIS KEGAWATDARURATAN KEBIDANAN MATERNAL &amp; NEONATAL'),
('213654', '20162', '1001.B', '15401', 'KEBIDANAN', 'MID232', '01', 'A', '2', 2017, 'ETIKOLEGAL DALAM PRAKTIK KEBIDANAN'),
('213654', '20162', '1002.B', '15301', 'Kebidanan', 'MWF211', '01', 'A', '2', 2017, 'ETIKOLEGAL DALAM PRAKTIK KEBIDANAN'),
('213654', '20162', '1002.B', '15301', 'Kebidanan', 'MWF212', '01', 'A', '2', 2017, 'ASUHAN KEBIDANAN KEHAMILAN'),
('213654', '20162', '1002.B', '15301', 'Kebidanan', 'MWF214I', '01', 'A', '2', 2017, 'ASUHAN KEBIDANAN LANJUTAN II'),
('213654', '20171', '1001.B', '15401', 'KEBIDANAN', 'MID204', '01', 'A', '1', 2018, 'KONSEP KEBIDANAN'),
('213654', '20171', '1001.B', '15401', 'KEBIDANAN', 'MIDRPL216', '01', 'A', '1', 2018, 'DOKUMENTASI KEBIDANAN'),
('213654', '20171', '1002.B', '15301', 'Kebidanan', 'MWF205', '01', 'A', '1', 2018, 'KONSEP KEBIDANAN'),
('213654', '20171', '1002.B', '15301', 'Kebidanan', 'MWF230', '01', 'A', '1', 2018, 'ORGANISASI, MANAGEMEN, DAN PENGEMBANGAN KESEHATAN'),
('213654', '20171', '1002.B', '15301', 'Kebidanan', 'MWF233', '01', 'A', '1', 2018, 'PENGORGANISASIAN DAN PENGEMBANGAN MASYARAKAT'),
('213654', '20171', '1002.B', '15301', 'Kebidanan', 'MWF318', '01', 'A', '1', 2018, 'ASUHAN KEBIDANAN LANJUTAN I'),
('213654', '20171', '1002.B', '15301', 'Kebidanan', 'MWF318', '03', 'NR', '1', 2018, 'ASUHAN KEBIDANAN LANJUTAN I'),
('213654', '20172', '1001.B', '15401', 'KEBIDANAN', 'MID210', '01', 'A', '2', 2018, 'ASUHAN KEBIDANAN KEHAMILAN'),
('213654', '20172', '1001.B', '15401', 'KEBIDANAN', 'MID215', '01', 'A', '2', 2018, 'ASUHAN KEBIDANAN KOMUNITAS'),
('213654', '20172', '1001.B', '15401', 'KEBIDANAN', 'MID215', '03', 'NR', '2', 2018, 'ASUHAN KEBIDANAN KOMUNITAS'),
('213654', '20172', '1001.B', '15401', 'KEBIDANAN', 'MID242', '01', 'A', '2', 2018, 'PSIKOLOGI KEBIDANAN'),
('213654', '20172', '1002.B', '15301', 'Kebidanan', 'MWF212', '01', 'A', '2', 2018, 'ASUHAN KEBIDANAN KEHAMILAN'),
('213654', '20172', '1002.B', '15301', 'Kebidanan', 'MWF229', '01', 'A', '2', 2018, 'ASUHAN KEBIDANAN KOMUNITAS'),
('231432', '20152', '1000', '55201', 'TEKNIK INFORMATIKA', 'INF211', '01', 'A', '2', 2016, 'PEMOGRAMAN BERBASIS WEB II'),
('231432', '20152', '1000', '55201', 'TEKNIK INFORMATIKA', 'INF217', '03', 'NR', '2', 2016, 'MULTIMEDIA'),
('231432', '20152', '1000', '55201', 'TEKNIK INFORMATIKA', 'TI028', '02', 'B', '2', 2016, 'PEMOGRAMAN BERBASIS WEB II'),
('231432', '20152', '9008', '83207', 'PENDIDIKAN  ILMU KOMPUTER', 'CSE302', '01', 'A', '2', 2016, 'BASIS DATA'),
('231432', '20152', '9008', '83207', 'PENDIDIKAN  ILMU KOMPUTER', 'CSE311', '01', 'A', '2', 2016, 'ALGORITMA DAN STRUKTUR DATA'),
('231432', '20152', '9008', '83207', 'PENDIDIKAN  ILMU KOMPUTER', 'CSE312', '01', 'A', '2', 2016, 'KOMPUTER GRAFIK'),
('231432', '20161', '1000', '55201', 'TEKNIK INFORMATIKA', 'INF205', '01', 'A', '1', 2017, 'PEMOGRAMAN WEB I'),
('231432', '20161', '1000', '55201', 'TEKNIK INFORMATIKA', 'TI027', '01', 'A', '1', 2017, 'PEMOGRAMAN BERBASIS WEB I'),
('231432', '20161', '9008', '83207', 'PENDIDIKAN  ILMU KOMPUTER', 'CSE206', '01', 'A', '1', 2017, 'PENGELOLAAN INSTALASI KOMPUTER'),
('231432', '20161', '9008', '83207', 'PENDIDIKAN  ILMU KOMPUTER', 'CSE223', '01', 'A', '1', 2017, 'LOGIKA INFORMATIKA'),
('231432', '20161', '9008', '83207', 'PENDIDIKAN  ILMU KOMPUTER', 'CSE314', '01', 'A', '1', 2017, 'BASIS DATA TERDISTRIBUSI'),
('231432', '20162', '1000', '55201', 'TEKNIK INFORMATIKA', 'TI022', '01', 'A', '2', 2017, 'PEMOGRAMAN VISUAL BASIC'),
('231432', '20162', '1001', '57201', 'SISTEM INFORMASI', 'INS204', '01', 'A', '2', 2017, 'MANAJEMEN DATA'),
('231432', '20162', '1001', '57201', 'SISTEM INFORMASI', 'INS204', '03', 'NR', '2', 2017, 'MANAJEMEN DATA'),
('231432', '20162', '1001', '57201', 'SISTEM INFORMASI', 'INS208', '01', 'A', '2', 2017, 'PEMROGRAMAN VISUAL'),
('231432', '20162', '1001', '57201', 'SISTEM INFORMASI', 'SI013', '01', 'A', '2', 2017, 'MANAJEMEN DATA'),
('231432', '20162', '9008', '83207', 'PENDIDIKAN  ILMU KOMPUTER', 'CSE311', '01', 'A', '2', 2017, 'ALGORITMA DAN STRUKTUR DATA'),
('231432', '20162', '9008', '83207', 'PENDIDIKAN  ILMU KOMPUTER', 'CSE312', '01', 'A', '2', 2017, 'KOMPUTER GRAFIK'),
('231432', '20171', '1000', '55201', 'TEKNIK INFORMATIKA', 'INF205', '01', 'A', '1', 2018, 'PEMOGRAMAN WEB I'),
('231432', '20171', '1000', '55201', 'TEKNIK INFORMATIKA', 'INF205', '02', 'B', '1', 2018, 'PEMOGRAMAN WEB I'),
('231432', '20171', '1001', '57201', 'SISTEM INFORMASI', 'INS212', '01', 'A', '1', 2018, 'PEMROGRAMAN BERBASIS WEB'),
('231432', '20171', '1001', '57201', 'SISTEM INFORMASI', 'INS214', '01', 'A', '1', 2018, 'KEAMANAN SISTEM INFORMASI'),
('231432', '20171', '1001', '57201', 'SISTEM INFORMASI', 'SI024', '01', 'A', '1', 2018, 'PEMROGRAMAN BERBASIS WEB'),
('231432', '20171', '9003', '74201', 'ILMU HUKUM', 'LAW321', '01', 'A', '1', 2018, 'DIGITAL FORENSIK'),
('231432', '20171', '9008', '83207', 'PENDIDIKAN  ILMU KOMPUTER', 'CSE217', '01', 'A', '1', 2018, 'PEMOGRAMAN WEB'),
('231432', '20171', '9008', '83207', 'PENDIDIKAN  ILMU KOMPUTER', 'CSE218', '01', 'A', '1', 2018, 'KEAMANAN SISTEM KOMPUTER'),
('231432', '20172', '1000', '55201', 'TEKNIK INFORMATIKA', 'INF211', '01', 'A', '2', 2018, 'PEMOGRAMAN BERBASIS WEB II'),
('231432', '20172', '1000', '55201', 'TEKNIK INFORMATIKA', 'INF211', '02', 'B', '2', 2018, 'PEMOGRAMAN BERBASIS WEB II'),
('231432', '20172', '1000', '55201', 'TEKNIK INFORMATIKA', 'INF211', '03', 'NR', '2', 2018, 'PEMOGRAMAN BERBASIS WEB II'),
('231432', '20172', '1000', '55201', 'TEKNIK INFORMATIKA', 'INF218', '01', 'A', '2', 2018, 'PENGOLAHAN VIDEO'),
('231432', '20172', '1000', '55201', 'TEKNIK INFORMATIKA', 'INF218', '02', 'B', '2', 2018, 'PENGOLAHAN VIDEO'),
('231432', '20172', '1001', '57201', 'SISTEM INFORMASI', 'INS221', '01', 'A', '2', 2018, 'PROYEK SISTEM INFORMASI'),
('231432', '20172', '1001', '57201', 'SISTEM INFORMASI', 'INS404', '01', 'A', '2', 2018, 'MANAJEMEN PROYEK'),
('231432', '20172', '9008', '83207', 'PENDIDIKAN  ILMU KOMPUTER', 'CSE312', '01', 'A', '2', 2018, 'KOMPUTER GRAFIK'),
('2365214', '20132', '1001.B', '15401', 'KEBIDANAN', 'BD403A', '01', 'A', '2', 2014, 'KESEHATAN MASYARAKAT'),
('2365214', '20132', '1001.B', '15401', 'KEBIDANAN', 'BD403A', '02', 'B', '2', 2014, 'KESEHATAN MASYARAKAT'),
('2365214', '20142', '1001.B', '15401', 'KEBIDANAN', 'MID221', '01', 'A', '2', 2015, 'BIOSTATISTIK'),
('2365214', '20142', '1001.B', '15401', 'KEBIDANAN', 'MID221', '02', 'B', '2', 2015, 'BIOSTATISTIK'),
('2365214', '20151', '1000.B', '13201', 'ILMU KESEHATAN MASYARAKAT', 'PHL321', '03', 'NR', '1', 2016, 'KETAHANAN DAN KEAMANAN PANGAN'),
('2365214', '20151', '1000.B', '13201', 'ILMU KESEHATAN MASYARAKAT', 'PHL322', '03', 'NR', '1', 2016, 'IMONOLOGI DAN ZAT GIZI'),
('2365214', '20151', '1000.B', '13201', 'ILMU KESEHATAN MASYARAKAT', 'PHL405', '01', 'A', '1', 2016, 'TEKNOLOGI PERKEMBANGAN MEDIA PROMOSI KESEHATAN'),
('2365214', '20151', '1000.B', '13201', 'ILMU KESEHATAN MASYARAKAT', 'PHL405', '03', 'NR', '1', 2016, 'TEKNOLOGI PERKEMBANGAN MEDIA PROMOSI KESEHATAN'),
('2365214', '20151', '1000.B', '13201', 'ILMU KESEHATAN MASYARAKAT', 'PHL406', '03', 'NR', '1', 2016, 'STRATEGI PROMOSI KESEHATAN'),
('2365214', '20151', '1000.B', '13201', 'ILMU KESEHATAN MASYARAKAT', 'PHL414', '01', 'A', '1', 2016, 'SISTEM PEMBIAYAAN KESEHATAN'),
('2365214', '20151', '1000.B', '13201', 'ILMU KESEHATAN MASYARAKAT', 'PHL414', '03', 'NR', '1', 2016, 'SISTEM PEMBIAYAAN KESEHATAN'),
('2365214', '20161', '1000.B', '13201', 'ILMU KESEHATAN MASYARAKAT', 'MKP05', '01', 'A', '1', 2017, 'EPIDEMIOLOGI RUMAH SAKIT'),
('2365214', '20161', '1000.B', '13201', 'ILMU KESEHATAN MASYARAKAT', 'PHL105', '01', 'A', '1', 2017, 'METODOLOGI PENELITIAN'),
('2365214', '20161', '1000.B', '13201', 'ILMU KESEHATAN MASYARAKAT', 'PHL202', '01', 'A', '1', 2017, 'BIOSTATISTIK INFERENSIAL'),
('2365214', '20161', '1000.B', '13201', 'ILMU KESEHATAN MASYARAKAT', 'PHL217', '01', 'A', '1', 2017, 'DASAR KESEHATAN KERJA'),
('2365214', '20161', '1000.B', '13201', 'ILMU KESEHATAN MASYARAKAT', 'PHL311', '01', 'A', '1', 2017, 'DEMOGRAFI KESEHATAN'),
('2365214', '20161', '1001.B', '15401', 'KEBIDANAN', 'MID105', '03', 'NR', '1', 2017, 'METODELOGI PENELITIAN'),
('2365214', '20161', '9006', '13211', 'ILMU GIZI', 'NUT105', '01', 'A', '1', 2017, 'METODOLOGI PENELITIAN'),
('2365214', '20162', '1000.B', '13201', 'ILMU KESEHATAN MASYARAKAT', 'PHL107', '01', 'A', '2', 2017, 'KULIAH KERJA NYATA (KKN)'),
('2365214', '20162', '1000.B', '13201', 'ILMU KESEHATAN MASYARAKAT', 'PHL107', '03', 'NR', '2', 2017, 'KULIAH KERJA NYATA (KKN)'),
('2365214', '20162', '1000.B', '13201', 'ILMU KESEHATAN MASYARAKAT', 'PHL201', '01', 'A', '2', 2017, 'BIOSTATISTIK DESKRIPTIF'),
('2365214', '20162', '1000.B', '13201', 'ILMU KESEHATAN MASYARAKAT', 'PHL207', '01', 'A', '2', 2017, 'KOMUNIKASI KESEHATAN'),
('2365214', '20162', '1000.B', '13201', 'ILMU KESEHATAN MASYARAKAT', 'PHL209', '01', 'A', '2', 2017, 'PENGATAR ILMU KESEHATAN MASYARAKAT'),
('2365214', '20162', '1000.B', '13201', 'ILMU KESEHATAN MASYARAKAT', 'PHL220', '01', 'A', '2', 2017, 'PROMOSI KESEHATAN'),
('2365214', '20162', '1000.B', '13201', 'ILMU KESEHATAN MASYARAKAT', 'PHL229', '01', 'A', '2', 2017, 'MANAJEMEN DATA/APLIKASI STATISTIK'),
('2365214', '20162', '1000.B', '13201', 'ILMU KESEHATAN MASYARAKAT', 'PHL229', '02', 'B', '2', 2017, 'MANAJEMEN DATA/APLIKASI STATISTIK'),
('2365214', '20162', '1000.B', '13201', 'ILMU KESEHATAN MASYARAKAT', 'PHL317', '02', 'B', '2', 2017, 'KONSELING KESEHATAN'),
('2365214', '20162', '1000.B', '13201', 'ILMU KESEHATAN MASYARAKAT', 'PL05', '01', 'A', '2', 2017, 'SKRIPSI'),
('2365214', '20162', '1000.B', '13201', 'ILMU KESEHATAN MASYARAKAT', 'PL08', '03', 'NR', '2', 2017, 'KULIAH KERJA NYATA (KKN)'),
('2365214', '20162', '9006', '13211', 'ILMU GIZI', 'NUT304', '01', 'A', '2', 2017, 'ILMU KESEHATAN MASYARAKAT'),
('2365214', '20171', '1000.B', '13201', 'ILMU KESEHATAN MASYARAKAT', 'PHL105', '01', 'A', '1', 2018, 'METODOLOGI PENELITIAN'),
('2365214', '20171', '1000.B', '13201', 'ILMU KESEHATAN MASYARAKAT', 'PHL106', '01', 'A', '1', 2018, 'KERJA PRAKTEK (KP)'),
('2365214', '20171', '1000.B', '13201', 'ILMU KESEHATAN MASYARAKAT', 'PHL202', '01', 'A', '1', 2018, 'BIOSTATISTIK INFERENSIAL'),
('2365214', '20171', '1000.B', '13201', 'ILMU KESEHATAN MASYARAKAT', 'PHL217', '01', 'A', '1', 2018, 'DASAR KESEHATAN KERJA'),
('2365214', '20171', '1000.B', '13201', 'ILMU KESEHATAN MASYARAKAT', 'PHL226', '01', 'A', '1', 2018, 'SURVEILANS EPIDEMIOLOGI'),
('2365214', '20171', '1000.B', '13201', 'ILMU KESEHATAN MASYARAKAT', 'PHL308', '01', 'A', '1', 2018, 'TEHNIK KOMUNIKASI DALAM KELOMPOK'),
('2365214', '20171', '1000.B', '13201', 'ILMU KESEHATAN MASYARAKAT', 'PHL311', '01', 'A', '1', 2018, 'DEMOGRAFI KESEHATAN'),
('2365214', '20171', '1000.B', '13201', 'ILMU KESEHATAN MASYARAKAT', 'PHL313', '01', 'A', '1', 2018, 'MANAJEMEN PENYEHATAN MAKANAN DAN MINUMAN'),
('2365214', '20171', '1000.B', '13201', 'ILMU KESEHATAN MASYARAKAT', 'PHL318', '01', 'A', '1', 2018, 'PENGENDALIAN KECELAKAAN BENCANA'),
('2365214', '20171', '1001.B', '15401', 'KEBIDANAN', 'MID239', '01', 'A', '1', 2018, 'METODE PENELITIAN DAN STATISTIK DASAR'),
('2365214', '20171', '9005', '73201', 'PSIKOLOGI', 'PSY244', '01', 'A', '1', 2018, 'KERJA PRAKTEK II'),
('2365214', '20171', '9006', '13211', 'ILMU GIZI', 'NUT105', '01', 'A', '1', 2018, 'METODOLOGI PENELITIAN'),
('2365214', '20172', '1000.B', '13201', 'ILMU KESEHATAN MASYARAKAT', 'PHL107', '01', 'A', '2', 2018, 'KULIAH KERJA NYATA (KKN)'),
('2365214', '20172', '1000.B', '13201', 'ILMU KESEHATAN MASYARAKAT', 'PHL108', '01', 'A', '2', 2018, 'SKRIPSI'),
('2365214', '20172', '1000.B', '13201', 'ILMU KESEHATAN MASYARAKAT', 'PHL224', '01', 'A', '2', 2018, 'EPIDEMIOLOGI  TIDAK MENULAR'),
('2365214', '20172', '1000.B', '13201', 'ILMU KESEHATAN MASYARAKAT', 'PHL229', '01', 'A', '2', 2018, 'MANAJEMEN DATA/APLIKASI STATISTIK'),
('2365214', '20172', '1000.B', '13201', 'ILMU KESEHATAN MASYARAKAT', 'PHL301', '01', 'A', '2', 2018, 'EPIDEMIOLOGI KESEHATAN DARURAT'),
('2365214', '20172', '1000.B', '13201', 'ILMU KESEHATAN MASYARAKAT', 'PHL306', '01', 'A', '2', 2018, 'CURRENT ISSUE/EVIDENCE BASED EPIDEMIOLOGI'),
('2365214', '20172', '1000.B', '13201', 'ILMU KESEHATAN MASYARAKAT', 'PHL403', '01', 'A', '2', 2018, 'METODE SURVEY CEPAT/MANAJEMEN DATA EPIDEMIOLOGI'),
('2365214', '20172', '1002.B', '15301', 'Kebidanan', 'MWF234', '03', 'NR', '2', 2018, 'METODOLOGI KHUSUS'),
('2365214', '20172', '1002.B', '15301', 'Kebidanan', 'MWF235', '01', 'A', '2', 2018, 'METODELOGI PENELITIAN'),
('2365214', '20172', '9005', '73201', 'PSIKOLOGI', 'PSY105', '01', 'A', '2', 2018, 'METODOLOGI PENELITIAN'),
('2365214', '20172', '9005', '73201', 'PSIKOLOGI', 'PSY107', '01', 'A', '2', 2018, 'KULIAH KERJA NYATA (KKN)'),
('52134', '20132', '1001.B', '15401', 'KEBIDANAN', 'BD216', '02', 'B', '2', 2014, 'PRAKTIK METODE OSCA'),
('52134', '20141', '1001.B', '15401', 'KEBIDANAN', 'MID211', '02', 'B', '1', 2015, 'ASUHAN KEBIDANAN PERSALINAN DAN BAYI BARU LAHIR'),
('52134', '20141', '1001.B', '15401', 'KEBIDANAN', 'MID212', '01', 'A', '1', 2015, 'ASUHAN KEBIDANAN NIFAS DAN MENYUSUI'),
('52134', '20142', '1001.B', '15401', 'KEBIDANAN', 'MID207', '01', 'A', '2', 2015, 'KETERAMPILAN DASAR KEBIDANAN II'),
('52134', '20142', '1001.B', '15401', 'KEBIDANAN', 'MID214', '01', 'A', '2', 2015, 'ASUHAN KEBIDANAN KEGAWATDARURATAN MATERNAL NEONATAL'),
('52134', '20142', '1001.B', '15401', 'KEBIDANAN', 'MID214', '02', 'B', '2', 2015, 'ASUHAN KEBIDANAN KEGAWATDARURATAN MATERNAL NEONATAL'),
('52134', '20161', '1001.B', '15401', 'KEBIDANAN', 'MID225', '01', 'A', '1', 2017, 'BIOLOGI DASAR MANUSIA'),
('52134', '20161', '1002.B', '15301', 'Kebidanan', 'MWF203', '01', 'A', '1', 2017, 'KETERAMPILAN DASAR KEBIDANAN I'),
('52134', '20161', '1002.B', '15301', 'Kebidanan', 'MWF214II', '04', '04', '1', 2017, 'ASUHAN KEBIDANAN LANJUTAN I'),
('52134', '20161', '1002.B', '15301', 'Kebidanan', 'MWF304III', '01', 'A', '1', 2017, 'PEM. DIAGNOSIS KEGAWATDARURATAN KEBIDANAN MATERNAL &amp; NEONATAL'),
('52134', '20161', '1002.B', '15301', 'Kebidanan', 'MWF304III', '02', 'B', '1', 2017, 'PEM. DIAGNOSIS KEGAWATDARURATAN KEBIDANAN MATERNAL &amp; NEONATAL'),
('52134', '20161', '1002.B', '15301', 'Kebidanan', 'MWF304III', '04', '04', '1', 2017, 'PEM. DIAGNOSIS KEGAWATDARURATAN KEBIDANAN MATERNAL &amp; NEONATAL'),
('52134', '20161', '1002.B', '15301', 'Kebidanan', 'MWF311II', '01', 'A', '1', 2017, 'BASIC LIFE SUPPORT (BLS)'),
('52134', '20161', '1002.B', '15301', 'Kebidanan', 'MWF311II', '02', 'B', '1', 2017, 'BASIC LIFE SUPPORT (BLS)'),
('52134', '20161', '1002.B', '15301', 'Kebidanan', 'MWF311II', '04', '04', '1', 2017, 'BASIC LIFE SUPPORT (BLS)'),
('52134', '20161', '1002.B', '15301', 'Kebidanan', 'MWF313', '01', 'A', '1', 2017, 'PENGORGANISASIAN DAN PENGEMBANGAN MASYARAKAT'),
('52134', '20162', '1001.B', '15401', 'KEBIDANAN', 'MID402', '01', 'A', '2', 2017, 'PROMOSI KESEHATAN'),
('52134', '20162', '1001.B', '15401', 'KEBIDANAN', 'MID402', '03', 'NR', '2', 2017, 'PROMOSI KESEHATAN'),
('52134', '20162', '1002.B', '15301', 'Kebidanan', 'MWF214I', '04', '04', '2', 2017, 'ASUHAN KEBIDANAN LANJUTAN II'),
('52134', '20162', '1002.B', '15301', 'Kebidanan', 'MWF216', '01', 'A', '2', 2017, 'BIOSTATISTIK'),
('52134', '20162', '1002.B', '15301', 'Kebidanan', 'MWF225', '01', 'A', '2', 2017, 'PROMOSI KESEHATAN'),
('52134', '20162', '1002.B', '15301', 'Kebidanan', 'MWF228', '01', 'A', '2', 2017, 'ASUHAN KEBIDANAN KEGAWATDARURATAN MATERNAL NEONATAL'),
('52134', '20171', '1001.B', '15401', 'KEBIDANAN', 'MID213', '01', 'A', '1', 2018, 'ASUHAN KEBIDANAN NEONATUS, BAYI, BALITA DAN ANAK PRA SEKOLAH'),
('52134', '20171', '1001.B', '15401', 'KEBIDANAN', 'MIDRPL201', '01', 'A', '1', 2018, 'ANATOMI'),
('52134', '20171', '1001.B', '15401', 'KEBIDANAN', 'MIDRPL202', '01', 'A', '1', 2018, 'FISIOLOGI'),
('52134', '20171', '1002.B', '15301', 'Kebidanan', 'MWF215', '01', 'A', '1', 2018, 'ASUHAN BAYI BARU LAHIR, NEONATUS, BAYI, BALITA DAN ANAK PRA SEKOLAH'),
('52134', '20171', '1002.B', '15301', 'Kebidanan', 'MWF404', '03', 'NR', '1', 2018, 'BASIC LIFE SUPPORT (BLS)'),
('52134', '20171', '9004', '48201', 'FARMASI', 'PHA106', '01', 'A', '1', 2018, 'KERJA PRAKTEK'),
('52134', '20171', '9004', '48201', 'FARMASI', 'PHA326', '01', 'A', '1', 2018, 'PELAYANAN KESEHATAN'),
('52134', '20172', '1000.B', '13201', 'ILMU KESEHATAN MASYARAKAT', 'PHL220', '01', 'A', '2', 2018, 'PROMOSI KESEHATAN'),
('52134', '20172', '1001.B', '15401', 'KEBIDANAN', 'MID214', '01', 'A', '2', 2018, 'ASUHAN KEBIDANAN KEGAWATDARURATAN MATERNAL NEONATAL'),
('52134', '20172', '1001.B', '15401', 'KEBIDANAN', 'MID233', '01', 'A', '2', 2018, 'PROMOSI KESEHATAN'),
('52134', '20172', '1002.B', '15301', 'Kebidanan', 'MWF225', '01', 'A', '2', 2018, 'PROMOSI KESEHATAN'),
('52134', '20172', '1002.B', '15301', 'Kebidanan', 'MWF228', '01', 'A', '2', 2018, 'ASUHAN KEBIDANAN KEGAWATDARURATAN MATERNAL NEONATAL'),
('52134', '20172', '9004', '48201', 'FARMASI', 'PHA107', '01', 'A', '2', 2018, 'KULIAH KERJA NYATA (KKN)'),
('52134', '20172', '9004', '48201', 'FARMASI', 'PHA108', '01', 'A', '2', 2018, 'SKRIPSI'),
('52134', '20172', '9006', '13211', 'ILMU GIZI', 'NUT107', '01', 'A', '2', 2018, 'KULIAH KERJA NYATA (KKN)'),
('52134', '20172', '9006', '13211', 'ILMU GIZI', 'NUT108', '01', 'A', '2', 2018, 'SKRIPSI'),
('541236', '20132', '1001.B', '15401', 'KEBIDANAN', 'BD216', '01', 'A', '2', 2014, 'PRAKTIK METODE OSCA'),
('541236', '20132', '1001.B', '15401', 'KEBIDANAN', 'BD216', '02', 'B', '2', 2014, 'PRAKTIK METODE OSCA'),
('541236', '20141', '1001.B', '15401', 'KEBIDANAN', 'MID211', '01', 'A', '1', 2015, 'ASUHAN KEBIDANAN PERSALINAN DAN BAYI BARU LAHIR'),
('541236', '20141', '1001.B', '15401', 'KEBIDANAN', 'MID212', '02', 'B', '1', 2015, 'ASUHAN KEBIDANAN NIFAS DAN MENYUSUI'),
('541236', '20142', '1001.B', '15401', 'KEBIDANAN', 'MID215', '01', 'A', '2', 2015, 'ASUHAN KEBIDANAN KOMUNITAS'),
('541236', '20142', '1001.B', '15401', 'KEBIDANAN', 'MID215', '02', 'B', '2', 2015, 'ASUHAN KEBIDANAN KOMUNITAS'),
('541236', '20152', '1001.B', '15401', 'KEBIDANAN', 'MID226', '01', 'A', '2', 2016, 'KOMUNIKASI DALAM PRAKTIK KEBIDANAN'),
('541236', '20152', '1001.B', '15401', 'KEBIDANAN', 'MID232', '03', 'NR', '2', 2016, 'ETIKOLEGAL DALAM PRAKTIK KEBIDANAN'),
('541236', '20161', '1001.B', '15401', 'KEBIDANAN', 'MID229', '03', 'NR', '1', 2017, 'KESEHATAN REPRODUKSI DAN KELUARGA BERENCANA'),
('541236', '20161', '1001.B', '15401', 'KEBIDANAN', 'MID231', '01', 'A', '1', 2017, 'ASUHAN KEBIDANAN NIFAS DAN MENYUSUI'),
('541236', '20161', '1002.B', '15301', 'Kebidanan', 'MWF105', '05', '05', '1', 2017, 'METODOLOGI PENELITIAN'),
('541236', '20161', '1002.B', '15301', 'Kebidanan', 'MWF214', '01', 'A', '1', 2017, 'ASUHAN KEBIDANAN NIFAS DAN MENYUSUI'),
('541236', '20161', '1002.B', '15301', 'Kebidanan', 'MWF214II', '01', 'A', '1', 2017, 'ASUHAN KEBIDANAN LANJUTAN I'),
('541236', '20161', '1002.B', '15301', 'Kebidanan', 'MWF214II', '02', 'B', '1', 2017, 'ASUHAN KEBIDANAN LANJUTAN I'),
('541236', '20161', '1002.B', '15301', 'Kebidanan', 'MWF221', '01', 'A', '1', 2017, 'ILMU KESEHATAN ANAK'),
('541236', '20162', '1001.B', '15401', 'KEBIDANAN', 'MID215', '01', 'A', '2', 2017, 'ASUHAN KEBIDANAN KOMUNITAS'),
('541236', '20162', '1001.B', '15401', 'KEBIDANAN', 'MID226', '01', 'A', '2', 2017, 'KOMUNIKASI DALAM PRAKTIK KEBIDANAN'),
('541236', '20162', '1001.B', '15401', 'KEBIDANAN', 'MID232', '03', 'NR', '2', 2017, 'ETIKOLEGAL DALAM PRAKTIK KEBIDANAN'),
('541236', '20162', '1001.B', '15401', 'KEBIDANAN', 'MID403', '03', 'NR', '2', 2017, 'PSIKOLOGI KEBIDANAN'),
('541236', '20162', '1002.B', '15301', 'Kebidanan', 'MWF207', '01', 'A', '2', 2017, 'KOMUNIKASI DALAM KEBIDANAN'),
('541236', '20162', '1002.B', '15301', 'Kebidanan', 'MWF214I', '02', 'B', '2', 2017, 'ASUHAN KEBIDANAN LANJUTAN II'),
('541236', '20162', '1002.B', '15301', 'Kebidanan', 'MWF229', '01', 'A', '2', 2017, 'ASUHAN KEBIDANAN KOMUNITAS'),
('541236', '20162', '1002.B', '15301', 'Kebidanan', 'MWF235', '01', 'A', '2', 2017, 'METODELOGI PENELITIAN'),
('541236', '20162', '1002.B', '15301', 'Kebidanan', 'MWF308', '01', 'A', '2', 2017, 'PRAKTEK KLINIK KEBIDANAN II'),
('541236', '20162', '1002.B', '15301', 'Kebidanan', 'MWF308', '02', 'B', '2', 2017, 'PRAKTEK KLINIK KEBIDANAN II'),
('541236', '20162', '1002.B', '15301', 'Kebidanan', 'MWF308', '04', '04', '2', 2017, 'PRAKTEK KLINIK KEBIDANAN II'),
('541236', '20171', '1000.B', '13201', 'ILMU KESEHATAN MASYARAKAT', 'PHL316', '01', 'A', '1', 2018, 'GIZI KESEHATAN MASYARAKAT'),
('541236', '20171', '1001.B', '15401', 'KEBIDANAN', 'MID212', '01', 'A', '1', 2018, 'ASUHAN KEBIDANAN NIFAS DAN MENYUSUI'),
('541236', '20171', '1001.B', '15401', 'KEBIDANAN', 'MID212', '03', 'NR', '1', 2018, 'ASUHAN KEBIDANAN NIFAS DAN MENYUSUI'),
('541236', '20171', '1001.B', '15401', 'KEBIDANAN', 'MID226', '01', 'A', '1', 2018, 'KOMUNIKASI DALAM PRAKTIK KEBIDANAN'),
('541236', '20171', '1001.B', '15401', 'KEBIDANAN', 'MID241', '01', 'A', '1', 2018, 'GIZI DALAM KESEHATAN REPRODUKSI'),
('541236', '20171', '1001.B', '15401', 'KEBIDANAN', 'MIDRPL202', '01', 'A', '1', 2018, 'FISIOLOGI'),
('541236', '20171', '1002.B', '15301', 'Kebidanan', 'MWF214', '01', 'A', '1', 2018, 'ASUHAN KEBIDANAN NIFAS DAN MENYUSUI'),
('541236', '20172', '1000', '55201', 'TEKNIK INFORMATIKA', 'TI003', '01', 'A', '2', 2018, 'STATISTIK'),
('541236', '20172', '1000.B', '13201', 'ILMU KESEHATAN MASYARAKAT', 'PHL317', '01', 'A', '2', 2018, 'KONSELING KESEHATAN'),
('541236', '20172', '1001.B', '15401', 'KEBIDANAN', 'MID219', '01', 'A', '2', 2018, 'KESEHATAN MASYARAKAT'),
('541236', '20172', '1001.B', '15401', 'KEBIDANAN', 'MIDRPL218', '01', 'A', '2', 2018, 'ASUHAN KEBIDANAN KOMUNITAS'),
('541236', '20172', '1002.B', '15301', 'Kebidanan', 'MWF216', '01', 'A', '2', 2018, 'BIOSTATISTIK'),
('541236', '20172', '1002.B', '15301', 'Kebidanan', 'MWF226', '01', 'A', '2', 2018, 'KESEHATAN MASYARAKAT'),
('541236', '20172', '1002.B', '15301', 'Kebidanan', 'MWF229', '01', 'A', '2', 2018, 'ASUHAN KEBIDANAN KOMUNITAS'),
('541236', '20172', '9005', '73201', 'PSIKOLOGI', 'PSY202', '01', 'A', '2', 2018, 'STATISTIKA'),
('541236', '20172', '9006', '13211', 'ILMU GIZI', 'NUT304', '01', 'A', '2', 2018, 'ILMU KESEHATAN MASYARAKAT'),
('541236', '20172', '9006', '13211', 'ILMU GIZI', 'NUT307', '01', 'A', '2', 2018, 'STATISTIK I'),
('61246532', '20142', '1000', '55201', 'TEKNIK INFORMATIKA', 'TI025', '02', 'B', '2', 2015, 'PEMOGRAMAN JAVA I'),
('61246532', '20142', '1000', '55201', 'TEKNIK INFORMATIKA', 'TI028', '01', 'A', '2', 2015, 'PEMOGRAMAN BERBASIS WEB II');
INSERT INTO `makul_dosen` (`IDDOSEN`, `THSHM`, `IDPRODI`, `KDPSTMSPST`, `NMPSTMSPST`, `IDMAKUL`, `NAMAKLS`, `LABELKLS`, `SEMESTER`, `TAHUN`, `NAMAMK`) VALUES
('61246532', '20142', '1000', '55201', 'TEKNIK INFORMATIKA', 'TI028', '02', 'B', '2', 2015, 'PEMOGRAMAN BERBASIS WEB II'),
('61246532', '20142', '1001', '57201', 'SISTEM INFORMASI', 'UUISI009', '03', 'NR', '2', 2015, 'KULIAH KERJA NYATA'),
('61246532', '20142', '1002', '57401', 'MANAJEMEN INFORMATIKA', 'MI021', '01', 'A', '2', 2015, 'PEMROGRAMAN BERBASIS WEB'),
('61246532', '20151', '1000', '55201', 'TEKNIK INFORMATIKA', 'INF215', '03', 'NR', '1', 2016, 'PENGOLAHAN CITRA DIGITAL'),
('61246532', '20151', '1000', '55201', 'TEKNIK INFORMATIKA', 'TI028A', '01', 'A', '1', 2016, 'PEMROGRAMAN DATABASE'),
('61246532', '20151', '1000', '55201', 'TEKNIK INFORMATIKA', 'TI028A', '02', 'B', '1', 2016, 'PEMROGRAMAN DATABASE'),
('61246532', '20151', '1000', '55201', 'TEKNIK INFORMATIKA', 'TI050', '03', 'NR', '1', 2016, 'PENGOLAHAN CITRA DIGITAL'),
('61246532', '20151', '1001', '57201', 'SISTEM INFORMASI', 'INS210', '01', 'A', '1', 2016, 'SISTEM BASIS DATA I'),
('61246532', '20151', '1001', '57201', 'SISTEM INFORMASI', 'SI032', '01', 'A', '1', 2016, 'PERANCANGAN BASIS DATA'),
('61246532', '20151', '1001', '57201', 'SISTEM INFORMASI', 'SI043', '01', 'A', '1', 2016, 'PEMOGRAMAN SQL'),
('61246532', '20151', '9008', '83207', 'PENDIDIKAN  ILMU KOMPUTER', 'CSE204', '01', 'A', '1', 2016, 'MULTIMEDIA'),
('61246532', '20152', '1000', '55201', 'TEKNIK INFORMATIKA', 'INF307', '01', 'A', '2', 2016, 'ETIKA PROFESI'),
('61246532', '20152', '1000', '55201', 'TEKNIK INFORMATIKA', 'TI039', '01', 'A', '2', 2016, 'PEMELIHARAAN PERANGKAT LUNAK'),
('61246532', '20152', '1000', '55201', 'TEKNIK INFORMATIKA', 'TI039', '02', 'B', '2', 2016, 'PEMELIHARAAN PERANGKAT LUNAK'),
('61246532', '20152', '1001', '57201', 'SISTEM INFORMASI', 'INS203', '01', 'A', '2', 2016, 'ANALISA DAN PERANCANGAN SISTEM INFORMASI'),
('61246532', '20152', '1001', '57201', 'SISTEM INFORMASI', 'INS211', '01', 'A', '2', 2016, 'SISTEM BASIS DATA II'),
('61246532', '20152', '1001', '57201', 'SISTEM INFORMASI', 'SI034', '01', 'A', '2', 2016, 'MULTIMEDIA'),
('61246532', '20152', '1001', '57201', 'SISTEM INFORMASI', 'SI036', '01', 'A', '2', 2016, 'PEMELIHARAAN PERANGKAT LUNAK'),
('61246532', '20161', '1000', '55201', 'TEKNIK INFORMATIKA', 'INF215', '01', 'A', '1', 2017, 'PENGOLAHAN CITRA DIGITAL'),
('61246532', '20161', '1000', '55201', 'TEKNIK INFORMATIKA', 'INF215', '03', 'NR', '1', 2017, 'PENGOLAHAN CITRA DIGITAL'),
('61246532', '20161', '1000', '55201', 'TEKNIK INFORMATIKA', 'INF225', '01', 'A', '1', 2017, 'KECERDASAN BUATAN'),
('61246532', '20161', '1000', '55201', 'TEKNIK INFORMATIKA', 'TI050', '01', 'A', '1', 2017, 'PENGOLAHAN CITRA DIGITAL'),
('61246532', '20161', '1000', '55201', 'TEKNIK INFORMATIKA', 'TI050', '02', 'B', '1', 2017, 'PENGOLAHAN CITRA DIGITAL'),
('61246532', '20161', '1001', '57201', 'SISTEM INFORMASI', 'SI044', '01', 'A', '1', 2017, 'KECERDASAN BUATAN'),
('61246532', '20162', '1000', '55201', 'TEKNIK INFORMATIKA', 'INF204', '01', 'A', '2', 2017, 'DATAWAREHOUSE'),
('61246532', '20162', '1000', '55201', 'TEKNIK INFORMATIKA', 'INF209', '01', 'A', '2', 2017, 'REKAYASA PERANGKAT LUNAK'),
('61246532', '20162', '1000', '55201', 'TEKNIK INFORMATIKA', 'INF209', '02', 'B', '2', 2017, 'REKAYASA PERANGKAT LUNAK'),
('61246532', '20162', '1000', '55201', 'TEKNIK INFORMATIKA', 'INF213', '01', 'A', '2', 2017, 'TOPIK KHUSUS REKAYASA PERANGKAT LUNAK'),
('61246532', '20162', '1000', '55201', 'TEKNIK INFORMATIKA', 'TI037', '01', 'A', '2', 2017, 'KECERDASAN BUATAN'),
('61246532', '20162', '1000', '55201', 'TEKNIK INFORMATIKA', 'TI039', '01', 'A', '2', 2017, 'PEMELIHARAAN PERANGKAT LUNAK'),
('61246532', '20162', '1001', '57201', 'SISTEM INFORMASI', 'INS217', '01', 'A', '2', 2017, 'SISTEM PENUNJANG KEPUTUSAN'),
('61246532', '20162', '1001', '57201', 'SISTEM INFORMASI', 'SI033', '01', 'A', '2', 2017, 'SISTEM PENUNJANG KEPUTUSAN'),
('61246532', '20162', '9008', '83207', 'PENDIDIKAN  ILMU KOMPUTER', 'CSE305', '01', 'A', '2', 2017, 'REKAYASA PERANGKAT LUNAK'),
('61246532', '20171', '1000', '55201', 'TEKNIK INFORMATIKA', 'INF215', '01', 'A', '1', 2018, 'PENGOLAHAN CITRA DIGITAL'),
('61246532', '20171', '1000', '55201', 'TEKNIK INFORMATIKA', 'INF215', '02', 'B', '1', 2018, 'PENGOLAHAN CITRA DIGITAL'),
('61246532', '20171', '1000', '55201', 'TEKNIK INFORMATIKA', 'INF215', '03', 'NR', '1', 2018, 'PENGOLAHAN CITRA DIGITAL'),
('61246532', '20171', '1000', '55201', 'TEKNIK INFORMATIKA', 'INF215', '04', '04', '1', 2018, 'PENGOLAHAN CITRA DIGITAL'),
('61246532', '20171', '1000', '55201', 'TEKNIK INFORMATIKA', 'INF225', '01', 'A', '1', 2018, 'KECERDASAN BUATAN'),
('61246532', '20171', '1000', '55201', 'TEKNIK INFORMATIKA', 'TI050', '01', 'A', '1', 2018, 'PENGOLAHAN CITRA DIGITAL'),
('61246532', '20171', '1001', '57201', 'SISTEM INFORMASI', 'INS220', '04', '04', '1', 2018, 'PENGEMBANGAN SISTEM INFORMASI'),
('61246532', '20171', '1001', '57201', 'SISTEM INFORMASI', 'SI038', '04', '04', '1', 2018, 'PENGEMBANGAN SISTEM INFORMASI'),
('61246532', '20171', '1001', '57201', 'SISTEM INFORMASI', 'SI044', '01', 'A', '1', 2018, 'KECERDASAN BUATAN'),
('61246532', '20171', '9008', '83207', 'PENDIDIKAN  ILMU KOMPUTER', 'CSE213', '01', 'A', '1', 2018, 'KECERDASAN BUATAN'),
('61246532', '20172', '1000', '55201', 'TEKNIK INFORMATIKA', 'INF209', '01', 'A', '2', 2018, 'REKAYASA PERANGKAT LUNAK'),
('61246532', '20172', '1000', '55201', 'TEKNIK INFORMATIKA', 'INF209', '02', 'B', '2', 2018, 'REKAYASA PERANGKAT LUNAK'),
('61246532', '20172', '1000', '55201', 'TEKNIK INFORMATIKA', 'INF219', '01', 'A', '2', 2018, 'SKENARIO DAN DESAIN GAME'),
('61246532', '20172', '1000', '55201', 'TEKNIK INFORMATIKA', 'INF219', '02', 'B', '2', 2018, 'SKENARIO DAN DESAIN GAME'),
('61246532', '20172', '1001', '57201', 'SISTEM INFORMASI', 'INS217', '01', 'A', '2', 2018, 'SISTEM PENUNJANG KEPUTUSAN'),
('61246532', '20172', '1001', '57201', 'SISTEM INFORMASI', 'INS217', '03', 'NR', '2', 2018, 'SISTEM PENUNJANG KEPUTUSAN'),
('61246532', '20172', '9008', '83207', 'PENDIDIKAN  ILMU KOMPUTER', 'CSE305', '01', 'A', '2', 2018, 'REKAYASA PERANGKAT LUNAK'),
('654654654', '20141', '1000', '55201', 'TEKNIK INFORMATIKA', 'INF220', '03', 'NR', '1', 2015, 'MANAJEMEN TV STREAMING'),
('654654654', '20141', '1000', '55201', 'TEKNIK INFORMATIKA', 'INF225', '03', 'NR', '1', 2015, 'KECERDASAN BUATAN'),
('654654654', '20141', '1000', '55201', 'TEKNIK INFORMATIKA', 'TI014', '02', 'B', '1', 2015, 'TEORI BAHASA DAN AUTOMATA'),
('654654654', '20141', '1000', '55201', 'TEKNIK INFORMATIKA', 'TI030', '01', 'A', '1', 2015, 'SISTEM OPERASI KOMPUTER'),
('654654654', '20141', '1000', '55201', 'TEKNIK INFORMATIKA', 'TI030', '02', 'B', '1', 2015, 'SISTEM OPERASI KOMPUTER'),
('654654654', '20141', '1000', '55201', 'TEKNIK INFORMATIKA', 'TI032', '01', 'A', '1', 2015, 'JARINGAN KOMPUTER'),
('654654654', '20141', '1001', '57201', 'SISTEM INFORMASI', 'INS228', '03', 'NR', '1', 2015, 'DATAWAREHOSE / DATA MINING'),
('654654654', '20141', '1001', '57201', 'SISTEM INFORMASI', 'SI030', '01', 'A', '1', 2015, 'SISTEM OPERASI KOMPUTER'),
('654654654', '20141', '1001', '57201', 'SISTEM INFORMASI', 'SI046', '01', 'A', '1', 2015, 'KERJA PRAKTEK'),
('654654654', '20141', '1001', '57201', 'SISTEM INFORMASI', 'SI047', '01', 'A', '1', 2015, 'SKRIPSI'),
('654654654', '20141', '1003', '57402', 'KOMPUTERISASI AKUNTANSI', 'KA036', '01', 'A', '1', 2015, 'SISTEM OPERASI KOMPUTER'),
('654654654', '20142', '1001', '57201', 'SISTEM INFORMASI', 'INS217', '03', 'NR', '2', 2015, 'SISTEM PENUNJANG KEPUTUSAN'),
('654654654', '20142', '1001', '57201', 'SISTEM INFORMASI', 'INS225', '03', 'NR', '2', 2015, 'ETIKA PROFESI SISTEM INFORMASI'),
('654654654', '20142', '1001', '57201', 'SISTEM INFORMASI', 'SI021', '01', 'A', '2', 2015, 'PEMROGRAMAN JAVA I'),
('654654654', '20142', '1001', '57201', 'SISTEM INFORMASI', 'SI027', '01', 'A', '2', 2015, 'METODELOGI RISET'),
('654654654', '20142', '1001', '57201', 'SISTEM INFORMASI', 'SI033', '01', 'A', '2', 2015, 'SISTEM PENUNJANG KEPUTUSAN'),
('654654654', '20142', '1001', '57201', 'SISTEM INFORMASI', 'SI045', '01', 'A', '2', 2015, 'ETIKA PROFESI'),
('654654654', '20142', '1002', '57401', 'MANAJEMEN INFORMATIKA', 'MI027', '01', 'A', '2', 2015, 'SISTEM PENUNJANG KEPUTUSAN'),
('654654654', '20142', '1002', '57401', 'MANAJEMEN INFORMATIKA', 'MI035', '01', 'A', '2', 2015, 'ETIKA PROFESI'),
('654654654', '20151', '1001', '57201', 'SISTEM INFORMASI', 'INS205', '01', 'A', '1', 2016, 'PEMODELAN SISTEM INFORMASI'),
('654654654', '20151', '1001', '57201', 'SISTEM INFORMASI', 'INS207', '01', 'A', '1', 2016, 'PEMOGRAMAN C++'),
('654654654', '20151', '1001', '57201', 'SISTEM INFORMASI', 'INS214', '01', 'A', '1', 2016, 'KEAMANAN SISTEM INFORMASI'),
('654654654', '20151', '1001', '57201', 'SISTEM INFORMASI', 'INS216', '01', 'A', '1', 2016, 'SISTEM OPERASI KOMPUTER'),
('654654654', '20151', '1001', '57201', 'SISTEM INFORMASI', 'SI025', '01', 'A', '1', 2016, 'JARINGAN KOMPUTER'),
('654654654', '20152', '1000', '55201', 'TEKNIK INFORMATIKA', 'INF212', '01', 'A', '2', 2016, 'PEMOGRAMAN BERORIENTASI OBJEK'),
('654654654', '20152', '1000', '55201', 'TEKNIK INFORMATIKA', 'TI021', '01', 'A', '2', 2016, 'SISTEM INFORMASI GEOGRAFIS'),
('654654654', '20152', '1000', '55201', 'TEKNIK INFORMATIKA', 'TI021', '02', 'B', '2', 2016, 'SISTEM INFORMASI GEOGRAFIS'),
('654654654', '20152', '1000', '55201', 'TEKNIK INFORMATIKA', 'TI025', '01', 'A', '2', 2016, 'PEMOGRAMAN JAVA I'),
('654654654', '20152', '1000.B', '13201', 'ILMU KESEHATAN MASYARAKAT', 'KL08', '01', 'A', '2', 2016, 'SISTEM INFORMASI GEOGRAFI'),
('654654654', '20152', '1001', '57201', 'SISTEM INFORMASI', 'INS209', '01', 'A', '2', 2016, 'PEMROGRAMAN BERORIENTASI OBJEK'),
('654654654', '20152', '1001', '57201', 'SISTEM INFORMASI', 'SI021', '01', 'A', '2', 2016, 'PEMROGRAMAN JAVA I'),
('654654654', '20152', '1001', '57201', 'SISTEM INFORMASI', 'SI042', '01', 'A', '2', 2016, 'SISTEM INFORMASI GEOGRAFI'),
('654654654', '20152', '9008', '83207', 'PENDIDIKAN  ILMU KOMPUTER', 'CSE303', '01', 'A', '2', 2016, 'PEMOGRAMAN BERORIENTASI OBJEK'),
('654654654', '20161', '1000', '55201', 'TEKNIK INFORMATIKA', 'INF203', '02', 'B', '1', 2017, 'ALGORITMA DAN STRUKTUR DATA'),
('654654654', '20161', '1001', '57201', 'SISTEM INFORMASI', 'INS207', '01', 'A', '1', 2017, 'PEMOGRAMAN C++'),
('654654654', '20161', '1001', '57201', 'SISTEM INFORMASI', 'INS216', '01', 'A', '1', 2017, 'SISTEM OPERASI KOMPUTER'),
('654654654', '20161', '1001', '57201', 'SISTEM INFORMASI', 'SI030', '01', 'A', '1', 2017, 'SISTEM OPERASI KOMPUTER'),
('654654654', '20161', '9008', '83207', 'PENDIDIKAN  ILMU KOMPUTER', 'CSE212', '01', 'A', '1', 2017, 'SISTEM INFORMASI GEOGRAFI'),
('654654654', '20161', '9008', '83207', 'PENDIDIKAN  ILMU KOMPUTER', 'CSE307', '01', 'A', '1', 2017, 'BAHASA PEMOGRAMAN TERSTRUKTUR'),
('654654654', '20162', '1000', '55201', 'TEKNIK INFORMATIKA', 'INF212', '01', 'A', '2', 2017, 'PEMOGRAMAN BERORIENTASI OBJEK'),
('654654654', '20162', '1000', '55201', 'TEKNIK INFORMATIKA', 'INF212', '03', 'NR', '2', 2017, 'PEMOGRAMAN BERORIENTASI OBJEK'),
('654654654', '20162', '1000', '55201', 'TEKNIK INFORMATIKA', 'TI025', '01', 'A', '2', 2017, 'PEMOGRAMAN JAVA I'),
('654654654', '20162', '1000.B', '13201', 'ILMU KESEHATAN MASYARAKAT', 'PHL303', '01', 'A', '2', 2017, 'SISTEM INFORMASI GEOGRAFI'),
('654654654', '20162', '1001', '57201', 'SISTEM INFORMASI', 'INS209', '01', 'A', '2', 2017, 'PEMROGRAMAN BERORIENTASI OBJEK'),
('654654654', '20162', '1001', '57201', 'SISTEM INFORMASI', 'INS225', '01', 'A', '2', 2017, 'ETIKA PROFESI SISTEM INFORMASI'),
('654654654', '20162', '1001', '57201', 'SISTEM INFORMASI', 'INS225', '03', 'NR', '2', 2017, 'ETIKA PROFESI SISTEM INFORMASI'),
('654654654', '20162', '1001', '57201', 'SISTEM INFORMASI', 'INS403', '01', 'A', '2', 2017, 'SISTEM INFORMASI GEOGRAFIS'),
('654654654', '20162', '1001', '57201', 'SISTEM INFORMASI', 'SI021', '01', 'A', '2', 2017, 'PEMROGRAMAN JAVA I'),
('654654654', '20162', '1001', '57201', 'SISTEM INFORMASI', 'SI042', '01', 'A', '2', 2017, 'SISTEM INFORMASI GEOGRAFI'),
('654654654', '20162', '1001', '57201', 'SISTEM INFORMASI', 'SI045', '01', 'A', '2', 2017, 'ETIKA PROFESI'),
('654654654', '20162', '9008', '83207', 'PENDIDIKAN  ILMU KOMPUTER', 'CSE303', '01', 'A', '2', 2017, 'PEMOGRAMAN BERORIENTASI OBJEK'),
('654654654', '20171', '1000', '55201', 'TEKNIK INFORMATIKA', 'INF404', '01', 'A', '1', 2018, 'PEMELIHARAAN PERANGKAT LUNAK'),
('654654654', '20171', '1001', '57201', 'SISTEM INFORMASI', 'INS207', '01', 'A', '1', 2018, 'PEMOGRAMAN C++'),
('654654654', '20171', '1001', '57201', 'SISTEM INFORMASI', 'INS216', '01', 'A', '1', 2018, 'SISTEM OPERASI KOMPUTER'),
('654654654', '20171', '1001', '57201', 'SISTEM INFORMASI', 'INS216', '03', 'NR', '1', 2018, 'SISTEM OPERASI KOMPUTER'),
('654654654', '20171', '1001', '57201', 'SISTEM INFORMASI', 'INS228', '01', 'A', '1', 2018, 'DATAWAREHOSE / DATA MINING'),
('654654654', '20171', '9008', '83207', 'PENDIDIKAN  ILMU KOMPUTER', 'CSE212', '01', 'A', '1', 2018, 'SISTEM INFORMASI GEOGRAFI'),
('654654654', '20172', '1000', '55201', 'TEKNIK INFORMATIKA', 'INF221', '01', 'A', '2', 2018, 'SISTEM OPERASI KOMPUTER'),
('654654654', '20172', '1000', '55201', 'TEKNIK INFORMATIKA', 'INF221', '02', 'B', '2', 2018, 'SISTEM OPERASI KOMPUTER'),
('654654654', '20172', '1000', '55201', 'TEKNIK INFORMATIKA', 'INF221', '03', 'NR', '2', 2018, 'SISTEM OPERASI KOMPUTER'),
('654654654', '20172', '1000', '55201', 'TEKNIK INFORMATIKA', 'INF221', '04', '04', '2', 2018, 'SISTEM OPERASI KOMPUTER'),
('654654654', '20172', '1000.B', '13201', 'ILMU KESEHATAN MASYARAKAT', 'PHL303', '01', 'A', '2', 2018, 'SISTEM INFORMASI GEOGRAFI'),
('654654654', '20172', '1001', '57201', 'SISTEM INFORMASI', 'INS209', '01', 'A', '2', 2018, 'PEMROGRAMAN BERORIENTASI OBJEK'),
('654654654', '20172', '1001', '57201', 'SISTEM INFORMASI', 'INS403', '01', 'A', '2', 2018, 'SISTEM INFORMASI GEOGRAFIS'),
('654654654', '20172', '9008', '83207', 'PENDIDIKAN  ILMU KOMPUTER', 'CSE303', '01', 'A', '2', 2018, 'PEMOGRAMAN BERORIENTASI OBJEK'),
('654654654', '20172', '9008', '83207', 'PENDIDIKAN  ILMU KOMPUTER', 'CSE310', '01', 'A', '2', 2018, 'SISTEM OPERASI');

-- --------------------------------------------------------

--
-- Struktur dari tabel `mhs_course`
--

CREATE TABLE `mhs_course` (
  `IDMAHASISWA` varchar(25) NOT NULL,
  `NAMAMHS` varchar(150) NOT NULL,
  `IDMAKUL` varchar(15) NOT NULL,
  `KELAS` varchar(10) NOT NULL,
  `THNSM` char(5) NOT NULL,
  `SEMESTER` smallint(5) NOT NULL,
  `TAHUN` year(4) NOT NULL
) ENGINE=InnoDB DEFAULT CHARSET=latin1;

--
-- Dumping data untuk tabel `mhs_course`
--

INSERT INTO `mhs_course` (`IDMAHASISWA`, `NAMAMHS`, `IDMAKUL`, `KELAS`, `THNSM`, `SEMESTER`, `TAHUN`) VALUES
('141010510001', 'LARA HASINA', 'MWF318', '01', '20171', 1, 2018),
('141010510002', 'MUTIA', 'MWF318', '01', '20171', 1, 2018),
('141010510003', 'DASNIAR MY', 'MWF318', '01', '20171', 1, 2018),
('141010510005', 'DEVI MONA SANTI', 'MWF318', '01', '20171', 1, 2018),
('141010510006', 'FENI JUITA SARI', 'MWF318', '01', '20171', 1, 2018),
('141010510007', 'HESTI WIDARI', 'MWF318', '01', '20171', 1, 2018),
('141010510010', 'MILDAYANI', 'MWF318', '01', '20171', 1, 2018),
('141010510011', 'MUTIA PUTRI', 'MWF318', '01', '20171', 1, 2018),
('141010510012', 'NIA AULIA', 'MWF318', '01', '20171', 1, 2018),
('141010510013', 'NINING LESTARI', 'MWF318', '01', '20171', 1, 2018),
('141010510014', 'NYAK HAJI', 'MWF318', '01', '20171', 1, 2018),
('141010510015', 'PUTRI AMALIA', 'MWF318', '01', '20171', 1, 2018),
('141010510016', 'RISKA AFRILLA', 'MWF318', '01', '20171', 1, 2018),
('141010510017', 'ULFA RAHMI', 'MWF318', '01', '20171', 1, 2018),
('141010510018', 'WILDA YANTI', 'MWF318', '01', '20171', 1, 2018),
('141041020006', 'ANDREA PUTRA NORIDA', 'INF204', '01', '20172', 2, 2018),
('141041020024', 'ITA VARANITA', 'INF204', '01', '20172', 2, 2018),
('141041020085', 'FAKHUR BAHRI', 'INF211', '01', '20172', 2, 2018),
('141041120002', 'ALJUMUADIRWAN', 'INS402', '01', '20172', 2, 2018),
('151020820001', 'MUHAMMAD HERI', 'CSE204', '01', '20151', 1, 2016),
('151020820002', 'LINDAWATI', 'CSE204', '01', '20151', 1, 2016),
('151020820003', 'FIRDAUS', 'CSE204', '01', '20151', 1, 2016),
('151020820004', 'MALIK ABDUL AZIZ', 'CSE204', '01', '20151', 1, 2016),
('151020820005', 'MULYANA', 'CSE204', '01', '20151', 1, 2016),
('151020820006', 'SAFRIDA AINI', 'CSE204', '01', '20151', 1, 2016),
('151020820007', 'HELMIYANTI', 'CSE204', '01', '20151', 1, 2016),
('151041020025', 'JUJUN NURMANSYAH', 'INF204', '01', '20172', 2, 2018),
('151041020028', 'IKA RAHMA AYU', 'INF204', '01', '20172', 2, 2018),
('151041020030', 'MUHAMMAD FADHLY', 'INF204', '01', '20172', 2, 2018),
('151041020031', 'FEBRIANITA', 'INF204', '01', '20172', 2, 2018),
('151041020032', 'AMIRUL HADI HASIBUAN', 'INF204', '01', '20172', 2, 2018),
('151041020033', 'DEDY KURNIAWAN', 'INF204', '01', '20172', 2, 2018),
('151041020034', 'ERI SAFRIANTO', 'INF204', '01', '20172', 2, 2018),
('151041020036', 'JOKO TISUWIHARDI', 'INF204', '01', '20172', 2, 2018),
('151041020037', 'KHOLIS RIFAI', 'INF204', '01', '20172', 2, 2018),
('151041020047', 'RACHMAD RISKY NURIL', 'INF204', '01', '20172', 2, 2018),
('151041020049', 'ARDIANSYAH PUTRA', 'INF204', '01', '20172', 2, 2018),
('151041020051', 'ZUL ASFI BAHRUNI', 'INF204', '01', '20172', 2, 2018),
('151041020052', 'MUHAMMAD AVIAN ANDRIA', 'INF204', '01', '20172', 2, 2018),
('151041020054', 'ISMAIL', 'INF204', '01', '20172', 2, 2018),
('151041020055', 'WAHYUDI', 'INF204', '01', '20172', 2, 2018),
('151041020056', 'AHMAD KAFI ALFAJRI', 'INF204', '01', '20172', 2, 2018),
('151041020058', 'SHYNTIA AULIA DESWITA', 'INF204', '01', '20172', 2, 2018),
('151041020059', 'CUT FACHRUL ROZI', 'INF204', '01', '20172', 2, 2018),
('151041020060', 'MUHAMMAD YUSUF', 'INF204', '01', '20172', 2, 2018),
('151041020061', 'IRYANI RAHMAH', 'INF204', '01', '20172', 2, 2018),
('151041020062', 'HARDI BASTIAN AR', 'INF204', '01', '20172', 2, 2018),
('151041020063', 'PERI SAILANDRA', 'INF204', '01', '20172', 2, 2018),
('151041020064', 'DARUL HADI', 'INF204', '01', '20172', 2, 2018),
('151041020065', 'PUTRI WAHYUNA', 'INF204', '01', '20172', 2, 2018),
('151041020066', 'BAHAGIA', 'INF204', '01', '20172', 2, 2018),
('151041020068', 'MASYUDI', 'INF204', '01', '20172', 2, 2018),
('151041020081', 'YUDHIKA AULIA, UA', 'INF204', '01', '20172', 2, 2018),
('151041120004', 'DEBBY BIL KHAIDY', 'INS402', '01', '20172', 2, 2018),
('151041120007', 'FUAD IQBAL', 'INS402', '01', '20172', 2, 2018),
('161010510001', 'NILDA TIARA FILDHEA', 'MWF318', '01', '20171', 1, 2018),
('161020820003', 'ABUZAR', 'CSE312', '01', '20172', 2, 2018),
('161041020002', 'JIMMY', 'INF211', '01', '20172', 2, 2018),
('161041020004', 'T.RIZKAN', 'INF211', '01', '20172', 2, 2018),
('161041020006', 'MUHAMMAD HAIKAL OKI SELNA', 'INF211', '01', '20172', 2, 2018),
('161041020007', 'MIFTAHUL KHAIRI', 'INF211', '01', '20172', 2, 2018),
('161041020009', 'MUKHSIN LATNIHAL', 'INF211', '01', '20172', 2, 2018),
('161041020010', 'MARDIA', 'INF211', '01', '20172', 2, 2018),
('161041020011', 'FIRDAUS', 'INF211', '01', '20172', 2, 2018),
('161041020012', 'TEUKU MUHAMMAD AL KHAYAD', 'INF211', '01', '20172', 2, 2018),
('161041020013', 'ELVIRA', 'INF211', '01', '20172', 2, 2018),
('161041020015', 'MUSFIGAL HASRI', 'INF211', '01', '20172', 2, 2018),
('161041020016', 'ARIEF SATRIA SIHOMBING', 'INF211', '01', '20172', 2, 2018),
('161041020018', 'RIAN OKTA PUTRA', 'INF211', '01', '20172', 2, 2018),
('161041020019', 'M. RAJA SYAHRI', 'INF211', '01', '20172', 2, 2018),
('161041020020', 'IHZAA TAWAKKALNA', 'INF211', '01', '20172', 2, 2018),
('161041020021', 'SALSABILA NISHFIRA', 'INF211', '01', '20172', 2, 2018),
('161041020022', 'AHYA MAULIDAN', 'INF211', '01', '20172', 2, 2018),
('161041020023', 'AGUS SURYA', 'INF211', '01', '20172', 2, 2018),
('161041020024', 'MUTTAQIN', 'INF211', '01', '20172', 2, 2018),
('161041020025', 'RETHA MAHARA', 'INF211', '01', '20172', 2, 2018),
('161041020027', 'OSLA ANUGRAH CAHYANA', 'INF211', '01', '20172', 2, 2018),
('161041020028', 'MOHD. RINALDI', 'INF211', '01', '20172', 2, 2018),
('161041020032', 'KIKI RIZKI', 'INF211', '01', '20172', 2, 2018),
('161041020034', 'ILYIN FARDIANSYAH', 'INF211', '01', '20172', 2, 2018),
('161041020035', 'MUHAMMAD REZA', 'INF211', '01', '20172', 2, 2018),
('161041020036', 'RESTU PURNAMA', 'INF211', '01', '20172', 2, 2018),
('161041020037', 'SURIYA KUSUMA', 'INF211', '01', '20172', 2, 2018),
('161041020039', 'ANDRI FAZIL', 'INF211', '01', '20172', 2, 2018),
('161041020040', 'PRAYUDA RIDHO DASMARA', 'INF211', '01', '20172', 2, 2018),
('161041020041', 'REZA SAPUTRA', 'INF211', '01', '20172', 2, 2018),
('161041020042', 'ZUHURI', 'INF211', '01', '20172', 2, 2018),
('161041020043', 'RISKI MUNANDAR', 'INF211', '01', '20172', 2, 2018),
('161041020050', 'SAID BELDY SETIAWAN', 'INF211', '01', '20172', 2, 2018),
('161041020053', 'VETO FIRMANDIANTA', 'INF211', '01', '20172', 2, 2018),
('161041020083', 'ALBAIDHLAWY', 'INF211', '01', '20172', 2, 2018),
('161041020102', 'JACKY ASMARA SUSKAPIN', 'INF211', '01', '20172', 2, 2018),
('161041020107', 'M. IKHWAN', 'INF204', '01', '20172', 2, 2018),
('161041020109', 'T. PUTRA NURMANSYAH', 'INF211', '01', '20172', 2, 2018),
('161041120021', 'SILVIANITA SABTUNA', 'INS402', '01', '20172', 2, 2018),
('171041020093', 'MUHAMMAD AZMI', 'INF204', '01', '20172', 2, 2018),
('171041020153', 'KHAIRUL JAMIL', 'INF211', '01', '20172', 2, 2018);

-- --------------------------------------------------------

--
-- Struktur dari tabel `profil_dosen`
--

CREATE TABLE `profil_dosen` (
  `IDDOSEN` varchar(25) NOT NULL,
  `NAMADOS` varchar(150) NOT NULL,
  `PRODIDOS` varchar(15) NOT NULL,
  `NAMAPRODIDOS` varchar(100) NOT NULL,
  `PICTURE` varchar(150) NOT NULL,
  `KEAHLIAN` tinytext NOT NULL
) ENGINE=InnoDB DEFAULT CHARSET=latin1;

--
-- Dumping data untuk tabel `profil_dosen`
--

INSERT INTO `profil_dosen` (`IDDOSEN`, `NAMADOS`, `PRODIDOS`, `NAMAPRODIDOS`, `PICTURE`, `KEAHLIAN`) VALUES
('00046414', 'Ulfa Farrah Lisa', '1002.B', 'Kebidanan', 'default.png', ''),
('0702131911891', 'Zuhar Musliyana, S.ST., M.T.', '1001', 'SISTEM INFORMASI', 'default.png', ''),
('11223363', 'M. BAYU WIBAWA, S.Kom., MMSI', '9001', 'PENAMPUNG', 'default.png', ''),
('213654', 'RAUDHATUN NUZUL. ZA, SST,M.Kes', '1001.B', 'KEBIDANAN', 'default.png', ''),
('231432', 'MAHENDAR DWI PAYANA, S.ST.,M.T', '1001', 'SISTEM INFORMASI', '231432_11.jpg', 'Image Processing, Database, Web Programming'),
('2365214', 'FAUZIAH ANDIKA, SKM., M.Kes', '1001.B', 'KEBIDANAN', 'default.png', ''),
('52134', 'ASMAUL HUSNA, S.ST., M.Kes', '1001.B', 'KEBIDANAN', 'default.png', ''),
('541236', 'FARADILLA SAFITRI', '1001.B', 'KEBIDANAN', 'default.png', ''),
('61246532', 'DESITA RIA YUSIAN TB, S.ST., M.T', '9001.B', 'PENAMPUNG', 'default.png', ''),
('654654654', 'MUTTAQIN, S.T, M.Cs', '1001', 'SISTEM INFORMASI', 'default.png', '');

--
-- Indexes for dumped tables
--

--
-- Indeks untuk tabel `absen_dosen`
--
ALTER TABLE `absen_dosen`
  ADD PRIMARY KEY (`IDDOSEN`,`THNSM`,`IDMAKUL`,`KELAS`,`SEMESTER`,`IDPRODI`,`PERTEMUAN`);

--
-- Indeks untuk tabel `absen_mhs`
--
ALTER TABLE `absen_mhs`
  ADD PRIMARY KEY (`IDMAHASISWA`,`THNSM`,`IDMAKUL`,`IDPRODI`,`KELAS`,`SEMESTER`,`PERTEMUAN`);

--
-- Indeks untuk tabel `atur_bahan_ajar`
--
ALTER TABLE `atur_bahan_ajar`
  ADD PRIMARY KEY (`IDSET`);

--
-- Indeks untuk tabel `bahan_ajar`
--
ALTER TABLE `bahan_ajar`
  ADD PRIMARY KEY (`ID`);

--
-- Indeks untuk tabel `makul_dosen`
--
ALTER TABLE `makul_dosen`
  ADD PRIMARY KEY (`IDDOSEN`,`THSHM`,`IDPRODI`,`IDMAKUL`,`NAMAKLS`,`SEMESTER`);

--
-- Indeks untuk tabel `mhs_course`
--
ALTER TABLE `mhs_course`
  ADD PRIMARY KEY (`IDMAHASISWA`,`IDMAKUL`,`KELAS`,`THNSM`,`SEMESTER`);

--
-- Indeks untuk tabel `profil_dosen`
--
ALTER TABLE `profil_dosen`
  ADD PRIMARY KEY (`IDDOSEN`);

--
-- AUTO_INCREMENT untuk tabel yang dibuang
--

--
-- AUTO_INCREMENT untuk tabel `atur_bahan_ajar`
--
ALTER TABLE `atur_bahan_ajar`
  MODIFY `IDSET` int(11) NOT NULL AUTO_INCREMENT;

--
-- AUTO_INCREMENT untuk tabel `bahan_ajar`
--
ALTER TABLE `bahan_ajar`
  MODIFY `ID` int(11) NOT NULL AUTO_INCREMENT;
COMMIT;

/*!40101 SET CHARACTER_SET_CLIENT=@OLD_CHARACTER_SET_CLIENT */;
/*!40101 SET CHARACTER_SET_RESULTS=@OLD_CHARACTER_SET_RESULTS */;
/*!40101 SET COLLATION_CONNECTION=@OLD_COLLATION_CONNECTION */;
